_id,album.album_type,album.artists[0].external_urls.spotify,album.artists[1].external_urls.spotify,album.artists[2].external_urls.spotify,album.artists[0].href,album.artists[1].href,album.artists[2].href,album.artists[0].id,album.artists[1].id,album.artists[2].id,album.artists[0].name,album.artists[1].name,album.artists[2].name,album.artists[0].type,album.artists[1].type,album.artists[2].type,album.artists[0].uri,album.artists[1].uri,album.artists[2].uri,album.available_markets[0],album.available_markets[1],album.available_markets[2],album.available_markets[3],album.available_markets[4],album.available_markets[5],album.available_markets[6],album.available_markets[7],album.available_markets[8],album.available_markets[9],album.available_markets[10],album.available_markets[11],album.available_markets[12],album.available_markets[13],album.available_markets[14],album.available_markets[15],album.available_markets[16],album.available_markets[17],album.available_markets[18],album.available_markets[19],album.available_markets[20],album.available_markets[21],album.available_markets[22],album.available_markets[23],album.available_markets[24],album.available_markets[25],album.available_markets[26],album.available_markets[27],album.available_markets[28],album.available_markets[29],album.available_markets[30],album.available_markets[31],album.available_markets[32],album.available_markets[33],album.available_markets[34],album.available_markets[35],album.available_markets[36],album.available_markets[37],album.available_markets[38],album.available_markets[39],album.available_markets[40],album.available_markets[41],album.available_markets[42],album.available_markets[43],album.available_markets[44],album.available_markets[45],album.available_markets[46],album.available_markets[47],album.available_markets[48],album.available_markets[49],album.available_markets[50],album.available_markets[51],album.available_markets[52],album.available_markets[53],album.available_markets[54],album.available_markets[55],album.available_markets[56],album.available_markets[57],album.available_markets[58],album.available_markets[59],album.available_markets[60],album.available_markets[61],album.available_markets[62],album.available_markets[63],album.available_markets[64],album.available_markets[65],album.available_markets[66],album.available_markets[67],album.available_markets[68],album.available_markets[69],album.available_markets[70],album.available_markets[71],album.available_markets[72],album.available_markets[73],album.available_markets[74],album.available_markets[75],album.available_markets[76],album.available_markets[77],album.available_markets[78],album.available_markets[79],album.available_markets[80],album.available_markets[81],album.available_markets[82],album.available_markets[83],album.available_markets[84],album.available_markets[85],album.available_markets[86],album.available_markets[87],album.available_markets[88],album.available_markets[89],album.available_markets[90],album.available_markets[91],album.available_markets[92],album.available_markets[93],album.available_markets[94],album.available_markets[95],album.available_markets[96],album.available_markets[97],album.available_markets[98],album.available_markets[99],album.available_markets[100],album.available_markets[101],album.available_markets[102],album.available_markets[103],album.available_markets[104],album.available_markets[105],album.available_markets[106],album.available_markets[107],album.available_markets[108],album.available_markets[109],album.available_markets[110],album.available_markets[111],album.available_markets[112],album.available_markets[113],album.available_markets[114],album.available_markets[115],album.available_markets[116],album.available_markets[117],album.available_markets[118],album.available_markets[119],album.available_markets[120],album.available_markets[121],album.available_markets[122],album.available_markets[123],album.available_markets[124],album.available_markets[125],album.available_markets[126],album.available_markets[127],album.available_markets[128],album.available_markets[129],album.available_markets[130],album.available_markets[131],album.available_markets[132],album.available_markets[133],album.available_markets[134],album.available_markets[135],album.available_markets[136],album.available_markets[137],album.available_markets[138],album.available_markets[139],album.available_markets[140],album.available_markets[141],album.available_markets[142],album.available_markets[143],album.available_markets[144],album.available_markets[145],album.available_markets[146],album.available_markets[147],album.available_markets[148],album.available_markets[149],album.available_markets[150],album.available_markets[151],album.available_markets[152],album.available_markets[153],album.available_markets[154],album.available_markets[155],album.available_markets[156],album.available_markets[157],album.available_markets[158],album.available_markets[159],album.available_markets[160],album.available_markets[161],album.available_markets[162],album.available_markets[163],album.available_markets[164],album.available_markets[165],album.available_markets[166],album.available_markets[167],album.available_markets[168],album.available_markets[169],album.available_markets[170],album.available_markets[171],album.available_markets[172],album.available_markets[173],album.available_markets[174],album.available_markets[175],album.available_markets[176],album.available_markets[177],album.available_markets[178],album.available_markets[179],album.available_markets[180],album.available_markets[181],album.available_markets[182],album.available_markets[183],album.available_markets[184],album.external_urls.spotify,album.href,album.id,album.images[0].url,album.images[1].url,album.images[2].url,album.images[0].width,album.images[1].width,album.images[2].width,album.images[0].height,album.images[1].height,album.images[2].height,album.name,album.release_date,album.release_date_precision,album.total_tracks,album.type,album.uri,artists[0].external_urls.spotify,artists[1].external_urls.spotify,artists[2].external_urls.spotify,artists[0].href,artists[1].href,artists[2].href,artists[0].id,artists[1].id,artists[2].id,artists[0].name,artists[1].name,artists[2].name,artists[0].type,artists[1].type,artists[2].type,artists[0].uri,artists[1].uri,artists[2].uri,available_markets[0],available_markets[1],available_markets[2],available_markets[3],available_markets[4],available_markets[5],available_markets[6],available_markets[7],available_markets[8],available_markets[9],available_markets[10],available_markets[11],available_markets[12],available_markets[13],available_markets[14],available_markets[15],available_markets[16],available_markets[17],available_markets[18],available_markets[19],available_markets[20],available_markets[21],available_markets[22],available_markets[23],available_markets[24],available_markets[25],available_markets[26],available_markets[27],available_markets[28],available_markets[29],available_markets[30],available_markets[31],available_markets[32],available_markets[33],available_markets[34],available_markets[35],available_markets[36],available_markets[37],available_markets[38],available_markets[39],available_markets[40],available_markets[41],available_markets[42],available_markets[43],available_markets[44],available_markets[45],available_markets[46],available_markets[47],available_markets[48],available_markets[49],available_markets[50],available_markets[51],available_markets[52],available_markets[53],available_markets[54],available_markets[55],available_markets[56],available_markets[57],available_markets[58],available_markets[59],available_markets[60],available_markets[61],available_markets[62],available_markets[63],available_markets[64],available_markets[65],available_markets[66],available_markets[67],available_markets[68],available_markets[69],available_markets[70],available_markets[71],available_markets[72],available_markets[73],available_markets[74],available_markets[75],available_markets[76],available_markets[77],available_markets[78],available_markets[79],available_markets[80],available_markets[81],available_markets[82],available_markets[83],available_markets[84],available_markets[85],available_markets[86],available_markets[87],available_markets[88],available_markets[89],available_markets[90],available_markets[91],available_markets[92],available_markets[93],available_markets[94],available_markets[95],available_markets[96],available_markets[97],available_markets[98],available_markets[99],available_markets[100],available_markets[101],available_markets[102],available_markets[103],available_markets[104],available_markets[105],available_markets[106],available_markets[107],available_markets[108],available_markets[109],available_markets[110],available_markets[111],available_markets[112],available_markets[113],available_markets[114],available_markets[115],available_markets[116],available_markets[117],available_markets[118],available_markets[119],available_markets[120],available_markets[121],available_markets[122],available_markets[123],available_markets[124],available_markets[125],available_markets[126],available_markets[127],available_markets[128],available_markets[129],available_markets[130],available_markets[131],available_markets[132],available_markets[133],available_markets[134],available_markets[135],available_markets[136],available_markets[137],available_markets[138],available_markets[139],available_markets[140],available_markets[141],available_markets[142],available_markets[143],available_markets[144],available_markets[145],available_markets[146],available_markets[147],available_markets[148],available_markets[149],available_markets[150],available_markets[151],available_markets[152],available_markets[153],available_markets[154],available_markets[155],available_markets[156],available_markets[157],available_markets[158],available_markets[159],available_markets[160],available_markets[161],available_markets[162],available_markets[163],available_markets[164],available_markets[165],available_markets[166],available_markets[167],available_markets[168],available_markets[169],available_markets[170],available_markets[171],available_markets[172],available_markets[173],available_markets[174],available_markets[175],available_markets[176],available_markets[177],available_markets[178],available_markets[179],available_markets[180],available_markets[181],available_markets[182],available_markets[183],available_markets[184],disc_number,duration_ms,explicit,external_ids.isrc,external_urls.spotify,href,id,is_local,name,popularity,preview_url,track_number,type,uri,acousticness,energy,liveness,speechiness,danceability,instrumentalness,loudness,valence,image,audio
682f83cd6890e60ad16d7b12,compilation,https://open.spotify.com/artist/0rvjqX7ttXeg3mTy8Xscbt,,,https://api.spotify.com/v1/artists/0rvjqX7ttXeg3mTy8Xscbt,,,0rvjqX7ttXeg3mTy8Xscbt,,,Journey,,,artist,,,spotify:artist:0rvjqX7ttXeg3mTy8Xscbt,,,AR,AU,AT,BE,BO,BR,BG,CA,CL,CO,CR,CY,CZ,DK,DO,DE,EC,EE,SV,FI,FR,GR,GT,HN,HK,HU,IS,IE,IT,LV,LT,LU,MY,MT,MX,NL,NZ,NI,NO,PA,PY,PE,PH,PL,PT,SG,SK,ES,SE,CH,TW,TR,UY,US,GB,AD,LI,MC,ID,JP,TH,VN,RO,IL,ZA,SA,AE,BH,QA,OM,KW,EG,MA,DZ,TN,LB,JO,PS,IN,BY,KZ,MD,UA,AL,BA,HR,ME,MK,RS,SI,KR,BD,PK,LK,GH,KE,NG,TZ,UG,AG,AM,BS,BB,BZ,BT,BW,BF,CV,CW,DM,FJ,GM,GE,GD,GW,GY,HT,JM,KI,LS,LR,MW,MV,ML,MH,FM,NA,NR,NE,PW,PG,PR,WS,SM,ST,SN,SC,SL,SB,KN,LC,VC,SR,TL,TO,TT,TV,VU,AZ,BN,BI,KH,CM,TD,KM,GQ,SZ,GA,GN,KG,LA,MO,MR,MN,NP,RW,TG,UZ,ZW,BJ,MG,MU,MZ,AO,CI,DJ,ZM,CD,CG,IQ,LY,TJ,VE,ET,XK,https://open.spotify.com/album/1Gtf2hZQlOGVER16uemmzR,https://api.spotify.com/v1/albums/1Gtf2hZQlOGVER16uemmzR,1Gtf2hZQlOGVER16uemmzR,https://i.scdn.co/image/ab67616d0000b2733fa684e0f8fad563122ff6dc,https://i.scdn.co/image/ab67616d00001e023fa684e0f8fad563122ff6dc,https://i.scdn.co/image/ab67616d000048513fa684e0f8fad563122ff6dc,640,300,64,640,300,64,Greatest Hits (2024 Remaster),1988-11-29,day,16,album,spotify:album:1Gtf2hZQlOGVER16uemmzR,https://open.spotify.com/artist/0rvjqX7ttXeg3mTy8Xscbt,,,https://api.spotify.com/v1/artists/0rvjqX7ttXeg3mTy8Xscbt,,,0rvjqX7ttXeg3mTy8Xscbt,,,Journey,,,artist,,,spotify:artist:0rvjqX7ttXeg3mTy8Xscbt,,,AR,AU,AT,BE,BO,BR,BG,CA,CL,CO,CR,CY,CZ,DK,DO,DE,EC,EE,SV,FI,FR,GR,GT,HN,HK,HU,IS,IE,IT,LV,LT,LU,MY,MT,MX,NL,NZ,NI,NO,PA,PY,PE,PH,PL,PT,SG,SK,ES,SE,CH,TW,TR,UY,US,GB,AD,LI,MC,ID,JP,TH,VN,RO,IL,ZA,SA,AE,BH,QA,OM,KW,EG,MA,DZ,TN,LB,JO,PS,IN,BY,KZ,MD,UA,AL,BA,HR,ME,MK,RS,SI,KR,BD,PK,LK,GH,KE,NG,TZ,UG,AG,AM,BS,BB,BZ,BT,BW,BF,CV,CW,DM,FJ,GM,GE,GD,GW,GY,HT,JM,KI,LS,LR,MW,MV,ML,MH,FM,NA,NR,NE,PW,PG,PR,WS,SM,ST,SN,SC,SL,SB,KN,LC,VC,SR,TL,TO,TT,TV,VU,AZ,BN,BI,KH,CM,TD,KM,GQ,SZ,GA,GN,KG,LA,MO,MR,MN,NP,RW,TG,UZ,ZW,BJ,MG,MU,MZ,AO,CI,DJ,ZM,CD,CG,IQ,LY,TJ,VE,ET,XK,1,250835,false,USSM19932790,https://open.spotify.com/track/5ehcf6UL1TkwozB386cRAp,https://api.spotify.com/v1/tracks/5ehcf6UL1TkwozB386cRAp,5ehcf6UL1TkwozB386cRAp,false,Don't Stop Believin' (2024 Remaster),62,,2,track,spotify:track:5ehcf6UL1TkwozB386cRAp,26,80,36,4,49,0,88,46,https://i.scdn.co/image/ab67616d0000b2733fa684e0f8fad563122ff6dc,https://p.scdn.co/mp3-preview/2b8147f122506ad21cb2adbcaeb420c49c66e604
682f83dc6890e60ad16d7b13,album,https://open.spotify.com/artist/0PFtn5NtBbbUNbU9EAmIWF,,,https://api.spotify.com/v1/artists/0PFtn5NtBbbUNbU9EAmIWF,,,0PFtn5NtBbbUNbU9EAmIWF,,,TOTO,,,artist,,,spotify:artist:0PFtn5NtBbbUNbU9EAmIWF,,,AR,AU,AT,BE,BO,BR,BG,CA,CL,CO,CR,CY,CZ,DK,DO,DE,EC,EE,SV,FI,FR,GR,GT,HN,HK,HU,IS,IE,IT,LV,LT,LU,MY,MT,MX,NL,NZ,NI,NO,PA,PY,PE,PH,PL,PT,SG,SK,ES,SE,CH,TW,TR,UY,US,GB,AD,LI,MC,ID,JP,TH,VN,RO,IL,ZA,SA,AE,BH,QA,OM,KW,EG,MA,DZ,TN,LB,JO,PS,IN,BY,KZ,MD,UA,AL,BA,HR,ME,MK,RS,SI,KR,BD,PK,LK,GH,KE,NG,TZ,UG,AG,AM,BS,BB,BZ,BT,BW,BF,CV,CW,DM,FJ,GM,GE,GD,GW,GY,HT,JM,KI,LS,LR,MW,MV,ML,MH,FM,NA,NR,NE,PW,PG,PR,WS,SM,ST,SN,SC,SL,SB,KN,LC,VC,SR,TL,TO,TT,TV,VU,AZ,BN,BI,KH,CM,TD,KM,GQ,SZ,GA,GN,KG,LA,MO,MR,MN,NP,RW,TG,UZ,ZW,BJ,MG,MU,MZ,AO,CI,DJ,ZM,CD,CG,IQ,LY,TJ,VE,ET,XK,https://open.spotify.com/album/62U7xIHcID94o20Of5ea4D,https://api.spotify.com/v1/albums/62U7xIHcID94o20Of5ea4D,62U7xIHcID94o20Of5ea4D,https://i.scdn.co/image/ab67616d0000b2734a052b99c042dc15f933145b,https://i.scdn.co/image/ab67616d00001e024a052b99c042dc15f933145b,https://i.scdn.co/image/ab67616d000048514a052b99c042dc15f933145b,640,300,64,640,300,64,Toto IV,1982-04-08,day,10,album,spotify:album:62U7xIHcID94o20Of5ea4D,https://open.spotify.com/artist/0PFtn5NtBbbUNbU9EAmIWF,,,https://api.spotify.com/v1/artists/0PFtn5NtBbbUNbU9EAmIWF,,,0PFtn5NtBbbUNbU9EAmIWF,,,TOTO,,,artist,,,spotify:artist:0PFtn5NtBbbUNbU9EAmIWF,,,AR,AU,AT,BE,BO,BR,BG,CA,CL,CO,CR,CY,CZ,DK,DO,DE,EC,EE,SV,FI,FR,GR,GT,HN,HK,HU,IS,IE,IT,LV,LT,LU,MY,MT,MX,NL,NZ,NI,NO,PA,PY,PE,PH,PL,PT,SG,SK,ES,SE,CH,TW,TR,UY,US,GB,AD,LI,MC,ID,JP,TH,VN,RO,IL,ZA,SA,AE,BH,QA,OM,KW,EG,MA,DZ,TN,LB,JO,PS,IN,BY,KZ,MD,UA,AL,BA,HR,ME,MK,RS,SI,KR,BD,PK,LK,GH,KE,NG,TZ,UG,AG,AM,BS,BB,BZ,BT,BW,BF,CV,CW,DM,FJ,GM,GE,GD,GW,GY,HT,JM,KI,LS,LR,MW,MV,ML,MH,FM,NA,NR,NE,PW,PG,PR,WS,SM,ST,SN,SC,SL,SB,KN,LC,VC,SR,TL,TO,TT,TV,VU,AZ,BN,BI,KH,CM,TD,KM,GQ,SZ,GA,GN,KG,LA,MO,MR,MN,NP,RW,TG,UZ,ZW,BJ,MG,MU,MZ,AO,CI,DJ,ZM,CD,CG,IQ,LY,TJ,VE,ET,XK,1,295893,false,USSM19801941,https://open.spotify.com/track/2374M0fQpWi3dLnB54qaLX,https://api.spotify.com/v1/tracks/2374M0fQpWi3dLnB54qaLX,2374M0fQpWi3dLnB54qaLX,false,Africa,89,,10,track,spotify:track:2374M0fQpWi3dLnB54qaLX,26,37,5,3,67,0,70,73,https://i.scdn.co/image/ab67616d0000b2734a052b99c042dc15f933145b,https://p.scdn.co/mp3-preview/86d951a680c33cca769822e0ef854c1b20301b32
682f83e96890e60ad16d7b14,album,https://open.spotify.com/artist/6XpaIBNiVzIetEPCWDvAFP,,,https://api.spotify.com/v1/artists/6XpaIBNiVzIetEPCWDvAFP,,,6XpaIBNiVzIetEPCWDvAFP,,,Whitney Houston,,,artist,,,spotify:artist:6XpaIBNiVzIetEPCWDvAFP,,,AR,AU,AT,BE,BO,BR,BG,CA,CL,CO,CR,CY,CZ,DK,DO,DE,EC,EE,SV,FI,FR,GR,GT,HN,HK,HU,IS,IE,IT,LV,LT,LU,MY,MT,MX,NL,NZ,NI,NO,PA,PY,PE,PH,PL,PT,SG,SK,ES,SE,CH,TW,TR,UY,US,GB,AD,LI,MC,ID,JP,TH,VN,RO,IL,ZA,SA,AE,BH,QA,OM,KW,EG,MA,DZ,TN,LB,JO,PS,IN,BY,KZ,MD,UA,AL,BA,HR,ME,MK,RS,SI,KR,BD,PK,LK,GH,KE,NG,TZ,UG,AG,AM,BS,BB,BZ,BT,BW,BF,CV,CW,DM,FJ,GM,GE,GD,GW,GY,HT,JM,KI,LS,LR,MW,MV,ML,MH,FM,NA,NR,NE,PW,PG,PR,WS,SM,ST,SN,SC,SL,SB,KN,LC,VC,SR,TL,TO,TT,TV,VU,AZ,BN,BI,KH,CM,TD,KM,GQ,SZ,GA,GN,KG,LA,MO,MR,MN,NP,RW,TG,UZ,ZW,BJ,MG,MU,MZ,AO,CI,DJ,ZM,CD,CG,IQ,LY,TJ,VE,ET,XK,https://open.spotify.com/album/5Vdzprr5cOqXQo44eHeV7t,https://api.spotify.com/v1/albums/5Vdzprr5cOqXQo44eHeV7t,5Vdzprr5cOqXQo44eHeV7t,https://i.scdn.co/image/ab67616d0000b273cc57e9b00b87dd0f6e868347,https://i.scdn.co/image/ab67616d00001e02cc57e9b00b87dd0f6e868347,https://i.scdn.co/image/ab67616d00004851cc57e9b00b87dd0f6e868347,640,300,64,640,300,64,Whitney,1987-06-02,day,11,album,spotify:album:5Vdzprr5cOqXQo44eHeV7t,https://open.spotify.com/artist/6XpaIBNiVzIetEPCWDvAFP,,,https://api.spotify.com/v1/artists/6XpaIBNiVzIetEPCWDvAFP,,,6XpaIBNiVzIetEPCWDvAFP,,,Whitney Houston,,,artist,,,spotify:artist:6XpaIBNiVzIetEPCWDvAFP,,,AR,AU,AT,BE,BO,BR,BG,CA,CL,CO,CR,CY,CZ,DK,DO,DE,EC,EE,SV,FI,FR,GR,GT,HN,HK,HU,IS,IE,IT,LV,LT,LU,MY,MT,MX,NL,NZ,NI,NO,PA,PY,PE,PH,PL,PT,SG,SK,ES,SE,CH,TW,TR,UY,US,GB,AD,LI,MC,ID,JP,TH,VN,RO,IL,ZA,SA,AE,BH,QA,OM,KW,EG,MA,DZ,TN,LB,JO,PS,IN,BY,KZ,MD,UA,AL,BA,HR,ME,MK,RS,SI,KR,BD,PK,LK,GH,KE,NG,TZ,UG,AG,AM,BS,BB,BZ,BT,BW,BF,CV,CW,DM,FJ,GM,GE,GD,GW,GY,HT,JM,KI,LS,LR,MW,MV,ML,MH,FM,NA,NR,NE,PW,PG,PR,WS,SM,ST,SN,SC,SL,SB,KN,LC,VC,SR,TL,TO,TT,TV,VU,AZ,BN,BI,KH,CM,TD,KM,GQ,SZ,GA,GN,KG,LA,MO,MR,MN,NP,RW,TG,UZ,ZW,BJ,MG,MU,MZ,AO,CI,DJ,ZM,CD,CG,IQ,LY,TJ,VE,ET,XK,1,291293,false,USAR18700121,https://open.spotify.com/track/2tUBqZG2AbRi7Q0BIrVrEj,https://api.spotify.com/v1/tracks/2tUBqZG2AbRi7Q0BIrVrEj,2tUBqZG2AbRi7Q0BIrVrEj,false,I Wanna Dance with Somebody (Who Loves Me),86,,1,track,spotify:track:2tUBqZG2AbRi7Q0BIrVrEj,36,87,79,4,54,0,89,75,https://i.scdn.co/image/ab67616d0000b273cc57e9b00b87dd0f6e868347,https://p.scdn.co/mp3-preview/93cd5f6fcc14d6e5901cd5adebbc3be8f33e4803
682f844d8ef07feef39da677,album,https://open.spotify.com/artist/1dfeR4HaWDbWqFHLkxsg1d,,,https://api.spotify.com/v1/artists/1dfeR4HaWDbWqFHLkxsg1d,,,1dfeR4HaWDbWqFHLkxsg1d,,,Queen,,,artist,,,spotify:artist:1dfeR4HaWDbWqFHLkxsg1d,,,CA,US,,,,,,,,,,,,,,,,,,,,,,,,,,,,,,,,,,,,,,,,,,,,,,,,,,,,,,,,,,,,,,,,,,,,,,,,,,,,,,,,,,,,,,,,,,,,,,,,,,,,,,,,,,,,,,,,,,,,,,,,,,,,,,,,,,,,,,,,,,,,,,,,,,,,,,,,,,,,,,,,,,,,,,,,,,,,,,,,,,,,,,,,https://open.spotify.com/album/0xc5IpJM39eEEYSKDrm5kf,https://api.spotify.com/v1/albums/0xc5IpJM39eEEYSKDrm5kf,0xc5IpJM39eEEYSKDrm5kf,https://i.scdn.co/image/ab67616d0000b273a1e05e1048e2cf2737adf742,https://i.scdn.co/image/ab67616d00001e02a1e05e1048e2cf2737adf742,https://i.scdn.co/image/ab67616d00004851a1e05e1048e2cf2737adf742,640,300,64,640,300,64,Hot Space (Deluxe Remastered Version),1982-05-03,day,16,album,spotify:album:0xc5IpJM39eEEYSKDrm5kf,https://open.spotify.com/artist/1dfeR4HaWDbWqFHLkxsg1d,https://open.spotify.com/artist/0oSGxfWSnnOXhD2fKuz2Gy,,https://api.spotify.com/v1/artists/1dfeR4HaWDbWqFHLkxsg1d,https://api.spotify.com/v1/artists/0oSGxfWSnnOXhD2fKuz2Gy,,1dfeR4HaWDbWqFHLkxsg1d,0oSGxfWSnnOXhD2fKuz2Gy,,Queen,David Bowie,,artist,artist,,spotify:artist:1dfeR4HaWDbWqFHLkxsg1d,spotify:artist:0oSGxfWSnnOXhD2fKuz2Gy,,CA,US,,,,,,,,,,,,,,,,,,,,,,,,,,,,,,,,,,,,,,,,,,,,,,,,,,,,,,,,,,,,,,,,,,,,,,,,,,,,,,,,,,,,,,,,,,,,,,,,,,,,,,,,,,,,,,,,,,,,,,,,,,,,,,,,,,,,,,,,,,,,,,,,,,,,,,,,,,,,,,,,,,,,,,,,,,,,,,,,,,,,,,,,1,248440,false,GBUM71029622,https://open.spotify.com/track/11IzgLRXV7Cgek3tEgGgjw,https://api.spotify.com/v1/tracks/11IzgLRXV7Cgek3tEgGgjw,11IzgLRXV7Cgek3tEgGgjw,false,Under Pressure - Remastered 2011,76,,11,track,spotify:track:11IzgLRXV7Cgek3tEgGgjw,2,93,18,16,46,0,94,57,https://i.scdn.co/image/ab67616d0000b273a1e05e1048e2cf2737adf742,https://p.scdn.co/mp3-preview/e3f7bdc022347f1b9e15152b67f8437c98b3ca12
682f84598ef07feef39da678,album,https://open.spotify.com/artist/1zxDewzd2j1ZdSBGaYcr0y,,,https://api.spotify.com/v1/artists/1zxDewzd2j1ZdSBGaYcr0y,,,1zxDewzd2j1ZdSBGaYcr0y,,,The Outfield,,,artist,,,spotify:artist:1zxDewzd2j1ZdSBGaYcr0y,,,AR,AU,AT,BE,BO,BR,BG,CA,CL,CO,CR,CY,CZ,DK,DO,DE,EC,EE,SV,FI,FR,GR,GT,HN,HK,HU,IS,IE,IT,LV,LT,LU,MY,MT,MX,NL,NZ,NI,NO,PA,PY,PE,PH,PL,PT,SG,SK,ES,SE,CH,TW,TR,UY,US,GB,AD,LI,MC,ID,JP,TH,VN,RO,IL,ZA,SA,AE,BH,QA,OM,KW,EG,MA,DZ,TN,LB,JO,PS,IN,BY,KZ,MD,UA,AL,BA,HR,ME,MK,RS,SI,KR,BD,PK,LK,GH,KE,NG,TZ,UG,AG,AM,BS,BB,BZ,BT,BW,BF,CV,CW,DM,FJ,GM,GE,GD,GW,GY,HT,JM,KI,LS,LR,MW,MV,ML,MH,FM,NA,NR,NE,PW,PG,PR,WS,SM,ST,SN,SC,SL,SB,KN,LC,VC,SR,TL,TO,TT,TV,VU,AZ,BN,BI,KH,CM,TD,KM,GQ,SZ,GA,GN,KG,LA,MO,MR,MN,NP,RW,TG,UZ,ZW,BJ,MG,MU,MZ,AO,CI,DJ,ZM,CD,CG,IQ,LY,TJ,VE,ET,XK,https://open.spotify.com/album/0EriQlp6zHpb1ThLZcandW,https://api.spotify.com/v1/albums/0EriQlp6zHpb1ThLZcandW,0EriQlp6zHpb1ThLZcandW,https://i.scdn.co/image/ab67616d0000b273cd7e670a91d0263d2ee1d8a7,https://i.scdn.co/image/ab67616d00001e02cd7e670a91d0263d2ee1d8a7,https://i.scdn.co/image/ab67616d00004851cd7e670a91d0263d2ee1d8a7,640,300,64,640,300,64,Play Deep,1985-06-29,day,10,album,spotify:album:0EriQlp6zHpb1ThLZcandW,https://open.spotify.com/artist/1zxDewzd2j1ZdSBGaYcr0y,,,https://api.spotify.com/v1/artists/1zxDewzd2j1ZdSBGaYcr0y,,,1zxDewzd2j1ZdSBGaYcr0y,,,The Outfield,,,artist,,,spotify:artist:1zxDewzd2j1ZdSBGaYcr0y,,,AR,AU,AT,BE,BO,BR,BG,CA,CL,CO,CR,CY,CZ,DK,DO,DE,EC,EE,SV,FI,FR,GR,GT,HN,HK,HU,IS,IE,IT,LV,LT,LU,MY,MT,MX,NL,NZ,NI,NO,PA,PY,PE,PH,PL,PT,SG,SK,ES,SE,CH,TW,TR,UY,US,GB,AD,LI,MC,ID,JP,TH,VN,RO,IL,ZA,SA,AE,BH,QA,OM,KW,EG,MA,DZ,TN,LB,JO,PS,IN,BY,KZ,MD,UA,AL,BA,HR,ME,MK,RS,SI,KR,BD,PK,LK,GH,KE,NG,TZ,UG,AG,AM,BS,BB,BZ,BT,BW,BF,CV,CW,DM,FJ,GM,GE,GD,GW,GY,HT,JM,KI,LS,LR,MW,MV,ML,MH,FM,NA,NR,NE,PW,PG,PR,WS,SM,ST,SN,SC,SL,SB,KN,LC,VC,SR,TL,TO,TT,TV,VU,AZ,BN,BI,KH,CM,TD,KM,GQ,SZ,GA,GN,KG,LA,MO,MR,MN,NP,RW,TG,UZ,ZW,BJ,MG,MU,MZ,AO,CI,DJ,ZM,CD,CG,IQ,LY,TJ,VE,ET,XK,1,216466,false,USSM10100176,https://open.spotify.com/track/0WoFs3EdGOx58yX5BtXvOa,https://api.spotify.com/v1/tracks/0WoFs3EdGOx58yX5BtXvOa,0WoFs3EdGOx58yX5BtXvOa,false,Your Love,82,,2,track,spotify:track:0WoFs3EdGOx58yX5BtXvOa,12,65,7,6,58,0,79,62,https://i.scdn.co/image/ab67616d0000b273cd7e670a91d0263d2ee1d8a7,https://p.scdn.co/mp3-preview/bff1bf9d33dfeec5c01501b023a6c59a44af2be4
682f84658ef07feef39da679,album,https://open.spotify.com/artist/4QQgXkCYTt3BlENzhyNETg,,,https://api.spotify.com/v1/artists/4QQgXkCYTt3BlENzhyNETg,,,4QQgXkCYTt3BlENzhyNETg,,,"Earth, Wind & Fire",,,artist,,,spotify:artist:4QQgXkCYTt3BlENzhyNETg,,,AR,AU,AT,BE,BO,BR,BG,CA,CL,CO,CR,CY,CZ,DK,DO,DE,EC,EE,SV,FI,FR,GR,GT,HN,HK,HU,IS,IE,IT,LV,LT,LU,MY,MT,MX,NL,NZ,NI,NO,PA,PY,PE,PH,PL,PT,SG,SK,ES,SE,CH,TW,TR,UY,US,GB,AD,LI,MC,ID,JP,TH,VN,RO,IL,ZA,SA,AE,BH,QA,OM,KW,EG,MA,DZ,TN,LB,JO,PS,IN,BY,KZ,MD,UA,AL,BA,HR,ME,MK,RS,SI,KR,BD,PK,LK,GH,KE,NG,TZ,UG,AG,AM,BS,BB,BZ,BT,BW,BF,CV,CW,DM,FJ,GM,GE,GD,GW,GY,HT,JM,KI,LS,LR,MW,MV,ML,MH,FM,NA,NR,NE,PW,PG,PR,WS,SM,ST,SN,SC,SL,SB,KN,LC,VC,SR,TL,TO,TT,TV,VU,AZ,BN,BI,KH,CM,TD,KM,GQ,SZ,GA,GN,KG,LA,MO,MR,MN,NP,RW,TG,UZ,ZW,BJ,MG,MU,MZ,AO,CI,DJ,ZM,CD,CG,IQ,LY,TJ,VE,ET,XK,https://open.spotify.com/album/1hj1SYbJYdXloRiSjsCLXg,https://api.spotify.com/v1/albums/1hj1SYbJYdXloRiSjsCLXg,1hj1SYbJYdXloRiSjsCLXg,https://i.scdn.co/image/ab67616d0000b273b30c8b93cef6fa26f8a7f17a,https://i.scdn.co/image/ab67616d00001e02b30c8b93cef6fa26f8a7f17a,https://i.scdn.co/image/ab67616d00004851b30c8b93cef6fa26f8a7f17a,640,300,64,640,300,64,Raise!,1981-11-14,day,9,album,spotify:album:1hj1SYbJYdXloRiSjsCLXg,https://open.spotify.com/artist/4QQgXkCYTt3BlENzhyNETg,,,https://api.spotify.com/v1/artists/4QQgXkCYTt3BlENzhyNETg,,,4QQgXkCYTt3BlENzhyNETg,,,"Earth, Wind & Fire",,,artist,,,spotify:artist:4QQgXkCYTt3BlENzhyNETg,,,AR,AU,AT,BE,BO,BR,BG,CA,CL,CO,CR,CY,CZ,DK,DO,DE,EC,EE,SV,FI,FR,GR,GT,HN,HK,HU,IS,IE,IT,LV,LT,LU,MY,MT,MX,NL,NZ,NI,NO,PA,PY,PE,PH,PL,PT,SG,SK,ES,SE,CH,TW,TR,UY,US,GB,AD,LI,MC,ID,JP,TH,VN,RO,IL,ZA,SA,AE,BH,QA,OM,KW,EG,MA,DZ,TN,LB,JO,PS,IN,BY,KZ,MD,UA,AL,BA,HR,ME,MK,RS,SI,KR,BD,PK,LK,GH,KE,NG,TZ,UG,AG,AM,BS,BB,BZ,BT,BW,BF,CV,CW,DM,FJ,GM,GE,GD,GW,GY,HT,JM,KI,LS,LR,MW,MV,ML,MH,FM,NA,NR,NE,PW,PG,PR,WS,SM,ST,SN,SC,SL,SB,KN,LC,VC,SR,TL,TO,TT,TV,VU,AZ,BN,BI,KH,CM,TD,KM,GQ,SZ,GA,GN,KG,LA,MO,MR,MN,NP,RW,TG,UZ,ZW,BJ,MG,MU,MZ,AO,CI,DJ,ZM,CD,CG,IQ,LY,TJ,VE,ET,XK,1,339320,false,USSM18100641,https://open.spotify.com/track/3koCCeSaVUyrRo3N2gHrd8,https://api.spotify.com/v1/tracks/3koCCeSaVUyrRo3N2gHrd8,3koCCeSaVUyrRo3N2gHrd8,false,Let's Groove,81,,1,track,spotify:track:3koCCeSaVUyrRo3N2gHrd8,12,65,13,6,87,0,86,90,https://i.scdn.co/image/ab67616d0000b273b30c8b93cef6fa26f8a7f17a,https://p.scdn.co/mp3-preview/12ad0800feab7ef7620c36168b603842378ebacd
682f84718ef07feef39da67a,album,https://open.spotify.com/artist/2BTZIqw0ntH9MvilQ3ewNY,,,https://api.spotify.com/v1/artists/2BTZIqw0ntH9MvilQ3ewNY,,,2BTZIqw0ntH9MvilQ3ewNY,,,Cyndi Lauper,,,artist,,,spotify:artist:2BTZIqw0ntH9MvilQ3ewNY,,,AR,AU,AT,BE,BO,BR,BG,CA,CL,CO,CR,CY,CZ,DK,DO,DE,EC,EE,SV,FI,FR,GR,GT,HN,HK,HU,IS,IE,IT,LV,LT,LU,MY,MT,MX,NL,NZ,NI,NO,PA,PY,PE,PH,PL,PT,SG,SK,ES,SE,CH,TW,TR,UY,US,GB,AD,LI,MC,ID,JP,TH,VN,RO,IL,ZA,SA,AE,BH,QA,OM,KW,EG,MA,DZ,TN,LB,JO,PS,IN,BY,KZ,MD,UA,AL,BA,HR,ME,MK,RS,SI,KR,BD,PK,LK,GH,KE,NG,TZ,UG,AG,AM,BS,BB,BZ,BT,BW,BF,CV,CW,DM,FJ,GM,GE,GD,GW,GY,HT,JM,KI,LS,LR,MW,MV,ML,MH,FM,NA,NR,NE,PW,PG,PR,WS,SM,ST,SN,SC,SL,SB,KN,LC,VC,SR,TL,TO,TT,TV,VU,AZ,BN,BI,KH,CM,TD,KM,GQ,SZ,GA,GN,KG,LA,MO,MR,MN,NP,RW,TG,UZ,ZW,BJ,MG,MU,MZ,AO,CI,DJ,ZM,CD,CG,IQ,LY,TJ,VE,ET,XK,https://open.spotify.com/album/1FvdZ1oizXwF9bxogujoF0,https://api.spotify.com/v1/albums/1FvdZ1oizXwF9bxogujoF0,1FvdZ1oizXwF9bxogujoF0,https://i.scdn.co/image/ab67616d0000b27352f532df7ba3269b0242fed9,https://i.scdn.co/image/ab67616d00001e0252f532df7ba3269b0242fed9,https://i.scdn.co/image/ab67616d0000485152f532df7ba3269b0242fed9,640,300,64,640,300,64,She's So Unusual,1983-10-14,day,10,album,spotify:album:1FvdZ1oizXwF9bxogujoF0,https://open.spotify.com/artist/2BTZIqw0ntH9MvilQ3ewNY,,,https://api.spotify.com/v1/artists/2BTZIqw0ntH9MvilQ3ewNY,,,2BTZIqw0ntH9MvilQ3ewNY,,,Cyndi Lauper,,,artist,,,spotify:artist:2BTZIqw0ntH9MvilQ3ewNY,,,AR,AU,AT,BE,BO,BR,BG,CA,CL,CO,CR,CY,CZ,DK,DO,DE,EC,EE,SV,FI,FR,GR,GT,HN,HK,HU,IS,IE,IT,LV,LT,LU,MY,MT,MX,NL,NZ,NI,NO,PA,PY,PE,PH,PL,PT,SG,SK,ES,SE,CH,TW,TR,UY,US,GB,AD,LI,MC,ID,JP,TH,VN,RO,IL,ZA,SA,AE,BH,QA,OM,KW,EG,MA,DZ,TN,LB,JO,PS,IN,BY,KZ,MD,UA,AL,BA,HR,ME,MK,RS,SI,KR,BD,PK,LK,GH,KE,NG,TZ,UG,AG,AM,BS,BB,BZ,BT,BW,BF,CV,CW,DM,FJ,GM,GE,GD,GW,GY,HT,JM,KI,LS,LR,MW,MV,ML,MH,FM,NA,NR,NE,PW,PG,PR,WS,SM,ST,SN,SC,SL,SB,KN,LC,VC,SR,TL,TO,TT,TV,VU,AZ,BN,BI,KH,CM,TD,KM,GQ,SZ,GA,GN,KG,LA,MO,MR,MN,NP,RW,TG,UZ,ZW,BJ,MG,MU,MZ,AO,CI,DJ,ZM,CD,CG,IQ,LY,TJ,VE,ET,XK,1,238266,false,USSM18300548,https://open.spotify.com/track/4y1LsJpmMti1PfRQV9AWWe,https://api.spotify.com/v1/tracks/4y1LsJpmMti1PfRQV9AWWe,4y1LsJpmMti1PfRQV9AWWe,false,Girls Just Want to Have Fun,82,,2,track,spotify:track:4y1LsJpmMti1PfRQV9AWWe,2,88,33,4,59,0,93,71,https://i.scdn.co/image/ab67616d0000b27352f532df7ba3269b0242fed9,https://p.scdn.co/mp3-preview/d8dc4f720786902e4b84fe1130c35bb74398edfa
682f847d8ef07feef39da67b,compilation,https://open.spotify.com/artist/3Y3xIwWyq5wnNHPp5gPjOW,,,https://api.spotify.com/v1/artists/3Y3xIwWyq5wnNHPp5gPjOW,,,3Y3xIwWyq5wnNHPp5gPjOW,,,Kenny Loggins,,,artist,,,spotify:artist:3Y3xIwWyq5wnNHPp5gPjOW,,,AR,AU,AT,BE,BO,BR,BG,CA,CL,CO,CR,CY,CZ,DK,DO,DE,EC,EE,SV,FI,FR,GR,GT,HN,HK,HU,IS,IE,IT,LV,LT,LU,MY,MT,MX,NL,NZ,NI,NO,PA,PY,PE,PH,PL,PT,SG,SK,ES,SE,CH,TW,TR,UY,US,GB,AD,LI,MC,ID,JP,TH,VN,RO,IL,ZA,SA,AE,BH,QA,OM,KW,EG,MA,DZ,TN,LB,JO,PS,IN,BY,KZ,MD,UA,AL,BA,HR,ME,MK,RS,SI,KR,BD,PK,LK,GH,KE,NG,TZ,UG,AG,AM,BS,BB,BZ,BT,BW,BF,CV,CW,DM,FJ,GM,GE,GD,GW,GY,HT,JM,KI,LS,LR,MW,MV,ML,MH,FM,NA,NR,NE,PW,PG,PR,WS,SM,ST,SN,SC,SL,SB,KN,LC,VC,SR,TL,TO,TT,TV,VU,AZ,BN,BI,KH,CM,TD,KM,GQ,SZ,GA,GN,KG,LA,MO,MR,MN,NP,RW,TG,UZ,ZW,BJ,MG,MU,MZ,AO,CI,DJ,ZM,CD,CG,IQ,LY,TJ,VE,ET,XK,https://open.spotify.com/album/3uN87hwClF0hult2cxMbAW,https://api.spotify.com/v1/albums/3uN87hwClF0hult2cxMbAW,3uN87hwClF0hult2cxMbAW,https://i.scdn.co/image/ab67616d0000b27319db9ac54c80a898a179f0f1,https://i.scdn.co/image/ab67616d00001e0219db9ac54c80a898a179f0f1,https://i.scdn.co/image/ab67616d0000485119db9ac54c80a898a179f0f1,640,300,64,640,300,64,"Yesterday, Today, Tomorrow - The Greatest Hits Of Kenny Loggins",1997-03-25,day,15,album,spotify:album:3uN87hwClF0hult2cxMbAW,https://open.spotify.com/artist/3Y3xIwWyq5wnNHPp5gPjOW,,,https://api.spotify.com/v1/artists/3Y3xIwWyq5wnNHPp5gPjOW,,,3Y3xIwWyq5wnNHPp5gPjOW,,,Kenny Loggins,,,artist,,,spotify:artist:3Y3xIwWyq5wnNHPp5gPjOW,,,AR,AU,AT,BE,BO,BR,BG,CA,CL,CO,CR,CY,CZ,DK,DO,DE,EC,EE,SV,FI,FR,GR,GT,HN,HK,HU,IS,IE,IT,LV,LT,LU,MY,MT,MX,NL,NZ,NI,NO,PA,PY,PE,PH,PL,PT,SG,SK,ES,SE,CH,TW,TR,UY,US,GB,AD,LI,MC,ID,JP,TH,VN,RO,IL,ZA,SA,AE,BH,QA,OM,KW,EG,MA,DZ,TN,LB,JO,PS,IN,BY,KZ,MD,UA,AL,BA,HR,ME,MK,RS,SI,KR,BD,PK,LK,GH,KE,NG,TZ,UG,AG,AM,BS,BB,BZ,BT,BW,BF,CV,CW,DM,FJ,GM,GE,GD,GW,GY,HT,JM,KI,LS,LR,MW,MV,ML,MH,FM,NA,NR,NE,PW,PG,PR,WS,SM,ST,SN,SC,SL,SB,KN,LC,VC,SR,TL,TO,TT,TV,VU,AZ,BN,BI,KH,CM,TD,KM,GQ,SZ,GA,GN,KG,LA,MO,MR,MN,NP,RW,TG,UZ,ZW,BJ,MG,MU,MZ,AO,CI,DJ,ZM,CD,CG,IQ,LY,TJ,VE,ET,XK,1,215133,false,USSM18600108,https://open.spotify.com/track/34x6hEJgGAOQvmlMql5Ige,https://api.spotify.com/v1/tracks/34x6hEJgGAOQvmlMql5Ige,34x6hEJgGAOQvmlMql5Ige,false,"Danger Zone - From ""Top Gun"" Original Soundtrack",73,,5,track,spotify:track:34x6hEJgGAOQvmlMql5Ige,24,90,13,5,54,0,90,65,https://i.scdn.co/image/ab67616d0000b27319db9ac54c80a898a179f0f1,https://p.scdn.co/mp3-preview/7d6db49ec04eaff2523b3c00720fc8641ad95d50
682f84898ef07feef39da67c,album,https://open.spotify.com/artist/3fMbdgg4jU18AjLCKBhRSm,,,https://api.spotify.com/v1/artists/3fMbdgg4jU18AjLCKBhRSm,,,3fMbdgg4jU18AjLCKBhRSm,,,Michael Jackson,,,artist,,,spotify:artist:3fMbdgg4jU18AjLCKBhRSm,,,AR,AU,AT,BE,BO,BR,BG,CA,CL,CO,CR,CY,CZ,DK,DO,DE,EC,EE,SV,FI,FR,GR,GT,HN,HK,HU,IS,IE,IT,LV,LT,LU,MY,MT,MX,NL,NZ,NI,NO,PA,PY,PE,PH,PL,PT,SG,SK,ES,SE,CH,TW,TR,UY,US,GB,AD,LI,MC,ID,JP,TH,VN,RO,IL,ZA,SA,AE,BH,QA,OM,KW,EG,MA,DZ,TN,LB,JO,PS,IN,BY,KZ,MD,UA,AL,BA,HR,ME,MK,RS,SI,KR,BD,PK,LK,GH,KE,NG,TZ,UG,AG,AM,BS,BB,BZ,BT,BW,BF,CV,CW,DM,FJ,GM,GE,GD,GW,GY,HT,JM,KI,LS,LR,MW,MV,ML,MH,FM,NA,NR,NE,PW,PG,PR,WS,SM,ST,SN,SC,SL,SB,KN,LC,VC,SR,TL,TO,TT,TV,VU,AZ,BN,BI,KH,CM,TD,KM,GQ,SZ,GA,GN,KG,LA,MO,MR,MN,NP,RW,TG,UZ,ZW,BJ,MG,MU,MZ,AO,CI,DJ,ZM,CD,CG,IQ,LY,TJ,VE,ET,XK,https://open.spotify.com/album/1C2h7mLntPSeVYciMRTF4a,https://api.spotify.com/v1/albums/1C2h7mLntPSeVYciMRTF4a,1C2h7mLntPSeVYciMRTF4a,https://i.scdn.co/image/ab67616d0000b2734121faee8df82c526cbab2be,https://i.scdn.co/image/ab67616d00001e024121faee8df82c526cbab2be,https://i.scdn.co/image/ab67616d000048514121faee8df82c526cbab2be,640,300,64,640,300,64,Thriller 25 Super Deluxe Edition,2008-02-08,day,30,album,spotify:album:1C2h7mLntPSeVYciMRTF4a,https://open.spotify.com/artist/3fMbdgg4jU18AjLCKBhRSm,,,https://api.spotify.com/v1/artists/3fMbdgg4jU18AjLCKBhRSm,,,3fMbdgg4jU18AjLCKBhRSm,,,Michael Jackson,,,artist,,,spotify:artist:3fMbdgg4jU18AjLCKBhRSm,,,AR,AU,AT,BE,BO,BR,BG,CA,CL,CO,CR,CY,CZ,DK,DO,DE,EC,EE,SV,FI,FR,GR,GT,HN,HK,HU,IS,IE,IT,LV,LT,LU,MY,MT,MX,NL,NZ,NI,NO,PA,PY,PE,PH,PL,PT,SG,SK,ES,SE,CH,TW,TR,UY,US,GB,AD,LI,MC,ID,JP,TH,VN,RO,IL,ZA,SA,AE,BH,QA,OM,KW,EG,MA,DZ,TN,LB,JO,PS,IN,BY,KZ,MD,UA,AL,BA,HR,ME,MK,RS,SI,KR,BD,PK,LK,GH,KE,NG,TZ,UG,AG,AM,BS,BB,BZ,BT,BW,BF,CV,CW,DM,FJ,GM,GE,GD,GW,GY,HT,JM,KI,LS,LR,MW,MV,ML,MH,FM,NA,NR,NE,PW,PG,PR,WS,SM,ST,SN,SC,SL,SB,KN,LC,VC,SR,TL,TO,TT,TV,VU,AZ,BN,BI,KH,CM,TD,KM,GQ,SZ,GA,GN,KG,LA,MO,MR,MN,NP,RW,TG,UZ,ZW,BJ,MG,MU,MZ,AO,CI,DJ,ZM,CD,CG,IQ,LY,TJ,VE,ET,XK,1,293826,false,USSM19902991,https://open.spotify.com/track/5ChkMS8OtdzJeqyybCc9R5,https://api.spotify.com/v1/tracks/5ChkMS8OtdzJeqyybCc9R5,5ChkMS8OtdzJeqyybCc9R5,false,Billie Jean,81,,6,track,spotify:track:5ChkMS8OtdzJeqyybCc9R5,10,90,6,7,58,0,90,65,https://i.scdn.co/image/ab67616d0000b2734121faee8df82c526cbab2be,https://p.scdn.co/mp3-preview/0f6b8a3524ec410020457da4cdd7717f9addce2f
682f84958ef07feef39da67d,compilation,https://open.spotify.com/artist/6tbjWDEIzxoDsBA1FuhfPW,,,https://api.spotify.com/v1/artists/6tbjWDEIzxoDsBA1FuhfPW,,,6tbjWDEIzxoDsBA1FuhfPW,,,Madonna,,,artist,,,spotify:artist:6tbjWDEIzxoDsBA1FuhfPW,,,AR,AU,AT,BO,BR,BG,CA,CL,CO,CR,CY,CZ,DK,DE,EC,EE,SV,FI,FR,GR,GT,HN,HK,HU,IS,IE,IT,LV,LT,LU,MY,MT,MX,NL,NZ,NI,NO,PA,PY,PE,PH,PL,PT,SG,SK,ES,SE,CH,TW,TR,UY,US,GB,AD,LI,MC,ID,JP,TH,RO,IL,ZA,SA,AE,BH,QA,OM,KW,EG,MA,DZ,TN,LB,JO,PS,IN,BY,KZ,MD,UA,AL,BA,HR,MK,SI,KR,BD,PK,GH,KE,NG,TZ,UG,AM,BZ,BW,BF,CV,CW,GM,GE,GW,GY,LS,LR,MW,ML,NA,NE,SM,ST,SN,SC,SL,SR,AZ,BI,CM,TD,KM,GQ,SZ,GA,GN,KG,MR,RW,TG,UZ,ZW,BJ,MG,MU,MZ,AO,CI,DJ,ZM,CD,CG,IQ,LY,TJ,VE,ET,,,,,,,,,,,,,,,,,,,,,,,,,,,,,,,,,,,,,,,,,https://open.spotify.com/album/43lok9zd7BW5CoYkXZs7S0,https://api.spotify.com/v1/albums/43lok9zd7BW5CoYkXZs7S0,43lok9zd7BW5CoYkXZs7S0,https://i.scdn.co/image/ab67616d0000b2736b44fa8f5415cc4c945117be,https://i.scdn.co/image/ab67616d00001e026b44fa8f5415cc4c945117be,https://i.scdn.co/image/ab67616d000048516b44fa8f5415cc4c945117be,640,300,64,640,300,64,Celebration (double disc version),2009-09-18,day,37,album,spotify:album:43lok9zd7BW5CoYkXZs7S0,https://open.spotify.com/artist/6tbjWDEIzxoDsBA1FuhfPW,,,https://api.spotify.com/v1/artists/6tbjWDEIzxoDsBA1FuhfPW,,,6tbjWDEIzxoDsBA1FuhfPW,,,Madonna,,,artist,,,spotify:artist:6tbjWDEIzxoDsBA1FuhfPW,,,AR,AU,AT,BO,BR,BG,CA,CL,CO,CR,CY,CZ,DK,DE,EC,EE,SV,FI,FR,GR,GT,HN,HK,HU,IS,IE,IT,LV,LT,LU,MY,MT,MX,NL,NZ,NI,NO,PA,PY,PE,PH,PL,PT,SG,SK,ES,SE,CH,TW,TR,UY,US,GB,AD,LI,MC,ID,JP,TH,RO,IL,ZA,SA,AE,BH,QA,OM,KW,EG,MA,DZ,TN,LB,JO,PS,IN,BY,KZ,MD,UA,AL,BA,HR,MK,SI,KR,BD,PK,GH,KE,NG,TZ,UG,AM,BZ,BW,BF,CV,CW,GM,GE,GW,GY,LS,LR,MW,ML,NA,NE,SM,ST,SN,SC,SL,SR,AZ,BI,CM,TD,KM,GQ,SZ,GA,GN,KG,MR,RW,TG,UZ,ZW,BJ,MG,MU,MZ,AO,CI,DJ,ZM,CD,CG,IQ,LY,TJ,VE,ET,,,,,,,,,,,,,,,,,,,,,,,,,,,,,,,,,,,,,,,,,1,342680,false,USWB10903606,https://open.spotify.com/track/1z3ugFmUKoCzGsI6jdY4Ci,https://api.spotify.com/v1/tracks/1z3ugFmUKoCzGsI6jdY4Ci,1z3ugFmUKoCzGsI6jdY4Ci,false,Like a Prayer,77,,9,track,spotify:track:1z3ugFmUKoCzGsI6jdY4Ci,26,84,18,4,62,0,91,26,https://i.scdn.co/image/ab67616d0000b2736b44fa8f5415cc4c945117be,https://p.scdn.co/mp3-preview/d6f995a2eb0f481237c8c63d6bf0658f9e86f943
682f84a18ef07feef39da67e,compilation,https://open.spotify.com/artist/0SD4eZCN4Kr0wQk56hCdh2,,,https://api.spotify.com/v1/artists/0SD4eZCN4Kr0wQk56hCdh2,,,0SD4eZCN4Kr0wQk56hCdh2,,,Bonnie Tyler,,,artist,,,spotify:artist:0SD4eZCN4Kr0wQk56hCdh2,,,AR,AU,AT,BE,BO,BR,BG,CA,CL,CO,CR,CY,CZ,DK,DO,DE,EC,EE,SV,FI,FR,GR,GT,HN,HK,HU,IS,IE,IT,LV,LT,LU,MY,MT,MX,NL,NZ,NI,NO,PA,PY,PE,PH,PL,PT,SG,SK,ES,SE,CH,TW,TR,UY,US,GB,AD,LI,MC,ID,JP,TH,VN,RO,IL,ZA,SA,AE,BH,QA,OM,KW,EG,MA,DZ,TN,LB,JO,PS,IN,BY,KZ,MD,UA,AL,BA,HR,ME,MK,RS,SI,KR,BD,PK,LK,GH,KE,NG,TZ,UG,AG,AM,BS,BB,BZ,BT,BW,BF,CV,CW,DM,FJ,GM,GE,GD,GW,GY,HT,JM,KI,LS,LR,MW,MV,ML,MH,FM,NA,NR,NE,PW,PG,PR,WS,SM,ST,SN,SC,SL,SB,KN,LC,VC,SR,TL,TO,TT,TV,VU,AZ,BN,BI,KH,CM,TD,KM,GQ,SZ,GA,GN,KG,LA,MO,MR,MN,NP,RW,TG,UZ,ZW,BJ,MG,MU,MZ,AO,CI,DJ,ZM,CD,CG,IQ,LY,TJ,VE,ET,XK,https://open.spotify.com/album/0VJI3wpebzRyVHq0eZQidb,https://api.spotify.com/v1/albums/0VJI3wpebzRyVHq0eZQidb,0VJI3wpebzRyVHq0eZQidb,https://i.scdn.co/image/ab67616d0000b2738cefe8e2f2cfd63ce073fa96,https://i.scdn.co/image/ab67616d00001e028cefe8e2f2cfd63ce073fa96,https://i.scdn.co/image/ab67616d000048518cefe8e2f2cfd63ce073fa96,640,300,64,640,300,64,The Very Best of Bonnie Tyler,2009-03-26,day,48,album,spotify:album:0VJI3wpebzRyVHq0eZQidb,https://open.spotify.com/artist/0SD4eZCN4Kr0wQk56hCdh2,,,https://api.spotify.com/v1/artists/0SD4eZCN4Kr0wQk56hCdh2,,,0SD4eZCN4Kr0wQk56hCdh2,,,Bonnie Tyler,,,artist,,,spotify:artist:0SD4eZCN4Kr0wQk56hCdh2,,,AR,AU,AT,BE,BO,BR,BG,CA,CL,CO,CR,CY,CZ,DK,DO,DE,EC,EE,SV,FI,FR,GR,GT,HN,HK,HU,IS,IE,IT,LV,LT,LU,MY,MT,MX,NL,NZ,NI,NO,PA,PY,PE,PH,PL,PT,SG,SK,ES,SE,CH,TW,TR,UY,US,GB,AD,LI,MC,ID,JP,TH,VN,RO,IL,ZA,SA,AE,BH,QA,OM,KW,EG,MA,DZ,TN,LB,JO,PS,IN,BY,KZ,MD,UA,AL,BA,HR,ME,MK,RS,SI,KR,BD,PK,LK,GH,KE,NG,TZ,UG,AG,AM,BS,BB,BZ,BT,BW,BF,CV,CW,DM,FJ,GM,GE,GD,GW,GY,HT,JM,KI,LS,LR,MW,MV,ML,MH,FM,NA,NR,NE,PW,PG,PR,WS,SM,ST,SN,SC,SL,SB,KN,LC,VC,SR,TL,TO,TT,TV,VU,AZ,BN,BI,KH,CM,TD,KM,GQ,SZ,GA,GN,KG,LA,MO,MR,MN,NP,RW,TG,UZ,ZW,BJ,MG,MU,MZ,AO,CI,DJ,ZM,CD,CG,IQ,LY,TJ,VE,ET,XK,1,267360,false,GBBBN8300002,https://open.spotify.com/track/7wuJGgpTNzbUyn26IOY6rj,https://api.spotify.com/v1/tracks/7wuJGgpTNzbUyn26IOY6rj,7wuJGgpTNzbUyn26IOY6rj,false,Total Eclipse of the Heart,83,,48,track,spotify:track:7wuJGgpTNzbUyn26IOY6rj,14,72,38,6,43,0,90,19,https://i.scdn.co/image/ab67616d0000b2738cefe8e2f2cfd63ce073fa96,https://p.scdn.co/mp3-preview/42af1cbc20498d5e7de081f39b218ab035c9a57a
682f84ad8ef07feef39da67f,album,https://open.spotify.com/artist/19ra5tSw0tWufvUp8GotLo,,,https://api.spotify.com/v1/artists/19ra5tSw0tWufvUp8GotLo,,,19ra5tSw0tWufvUp8GotLo,,,George Michael,,,artist,,,spotify:artist:19ra5tSw0tWufvUp8GotLo,,,AR,AU,AT,BE,BO,BR,BG,CA,CL,CO,CR,CY,CZ,DK,DO,DE,EC,EE,SV,FI,FR,GR,GT,HN,HK,HU,IS,IE,IT,LV,LT,LU,MY,MT,MX,NL,NZ,NI,NO,PA,PY,PE,PH,PL,PT,SG,SK,ES,SE,CH,TW,TR,UY,US,GB,AD,LI,MC,ID,JP,TH,VN,RO,IL,ZA,SA,AE,BH,QA,OM,KW,EG,MA,DZ,TN,LB,JO,PS,IN,BY,KZ,MD,UA,AL,BA,HR,ME,MK,RS,SI,KR,BD,PK,LK,GH,KE,NG,TZ,UG,AG,AM,BS,BB,BZ,BT,BW,BF,CV,CW,DM,FJ,GM,GE,GD,GW,GY,HT,JM,KI,LS,LR,MW,MV,ML,MH,FM,NA,NR,NE,PW,PG,PR,WS,SM,ST,SN,SC,SL,SB,KN,LC,VC,SR,TL,TO,TT,TV,VU,AZ,BN,BI,KH,CM,TD,KM,GQ,SZ,GA,GN,KG,LA,MO,MR,MN,NP,RW,TG,UZ,ZW,BJ,MG,MU,MZ,AO,CI,DJ,ZM,CD,CG,IQ,LY,TJ,VE,ET,XK,https://open.spotify.com/album/34K1Kvskt9arWy8E1Gz3Lw,https://api.spotify.com/v1/albums/34K1Kvskt9arWy8E1Gz3Lw,34K1Kvskt9arWy8E1Gz3Lw,https://i.scdn.co/image/ab67616d0000b273b7a9a6a2bf311630d3fc6956,https://i.scdn.co/image/ab67616d00001e02b7a9a6a2bf311630d3fc6956,https://i.scdn.co/image/ab67616d00004851b7a9a6a2bf311630d3fc6956,640,300,64,640,300,64,Faith,1987-10-30,day,10,album,spotify:album:34K1Kvskt9arWy8E1Gz3Lw,https://open.spotify.com/artist/19ra5tSw0tWufvUp8GotLo,,,https://api.spotify.com/v1/artists/19ra5tSw0tWufvUp8GotLo,,,19ra5tSw0tWufvUp8GotLo,,,George Michael,,,artist,,,spotify:artist:19ra5tSw0tWufvUp8GotLo,,,AR,AU,AT,BE,BO,BR,BG,CA,CL,CO,CR,CY,CZ,DK,DO,DE,EC,EE,SV,FI,FR,GR,GT,HN,HK,HU,IS,IE,IT,LV,LT,LU,MY,MT,MX,NL,NZ,NI,NO,PA,PY,PE,PH,PL,PT,SG,SK,ES,SE,CH,TW,TR,UY,US,GB,AD,LI,MC,ID,JP,TH,VN,RO,IL,ZA,SA,AE,BH,QA,OM,KW,EG,MA,DZ,TN,LB,JO,PS,IN,BY,KZ,MD,UA,AL,BA,HR,ME,MK,RS,SI,KR,BD,PK,LK,GH,KE,NG,TZ,UG,AG,AM,BS,BB,BZ,BT,BW,BF,CV,CW,DM,FJ,GM,GE,GD,GW,GY,HT,JM,KI,LS,LR,MW,MV,ML,MH,FM,NA,NR,NE,PW,PG,PR,WS,SM,ST,SN,SC,SL,SB,KN,LC,VC,SR,TL,TO,TT,TV,VU,AZ,BN,BI,KH,CM,TD,KM,GQ,SZ,GA,GN,KG,LA,MO,MR,MN,NP,RW,TG,UZ,ZW,BJ,MG,MU,MZ,AO,CI,DJ,ZM,CD,CG,IQ,LY,TJ,VE,ET,XK,1,336666,false,GBARL1000856,https://open.spotify.com/track/0L0T4tMAaGqLgIVj1MOj9t,https://api.spotify.com/v1/tracks/0L0T4tMAaGqLgIVj1MOj9t,0L0T4tMAaGqLgIVj1MOj9t,false,Father Figure - Remastered - featured in 'Babygirl',71,,2,track,spotify:track:0L0T4tMAaGqLgIVj1MOj9t,16,33,9,3,69,0,78,28,https://i.scdn.co/image/ab67616d0000b273b7a9a6a2bf311630d3fc6956,https://p.scdn.co/mp3-preview/c4505ce3af65c50d3122718fe0fecc2e287c8de1
682f84bf8ef07feef39da680,album,https://open.spotify.com/artist/77tT1kLj6mCWtFNqiOmP9H,,,https://api.spotify.com/v1/artists/77tT1kLj6mCWtFNqiOmP9H,,,77tT1kLj6mCWtFNqiOmP9H,,,Daryl Hall & John Oates,,,artist,,,spotify:artist:77tT1kLj6mCWtFNqiOmP9H,,,AR,AU,AT,BE,BO,BR,BG,CA,CL,CO,CR,CY,CZ,DK,DO,DE,EC,EE,SV,FI,FR,GR,GT,HN,HK,HU,IS,IE,IT,LV,LT,LU,MY,MT,MX,NL,NZ,NI,NO,PA,PY,PE,PH,PL,PT,SG,SK,ES,SE,CH,TW,TR,UY,US,GB,AD,LI,MC,ID,JP,TH,VN,RO,IL,ZA,SA,AE,BH,QA,OM,KW,EG,MA,DZ,TN,LB,JO,PS,IN,BY,KZ,MD,UA,AL,BA,HR,ME,MK,RS,SI,KR,BD,PK,LK,GH,KE,NG,TZ,UG,AG,AM,BS,BB,BZ,BT,BW,BF,CV,CW,DM,FJ,GM,GE,GD,GW,GY,HT,JM,KI,LS,LR,MW,MV,ML,MH,FM,NA,NR,NE,PW,PG,PR,WS,SM,ST,SN,SC,SL,SB,KN,LC,VC,SR,TL,TO,TT,TV,VU,AZ,BN,BI,KH,CM,TD,KM,GQ,SZ,GA,GN,KG,LA,MO,MR,MN,NP,RW,TG,UZ,ZW,BJ,MG,MU,MZ,AO,CI,DJ,ZM,CD,CG,IQ,LY,TJ,VE,ET,XK,https://open.spotify.com/album/7ygXmT175bKbOpiPjNwXOB,https://api.spotify.com/v1/albums/7ygXmT175bKbOpiPjNwXOB,7ygXmT175bKbOpiPjNwXOB,https://i.scdn.co/image/ab67616d0000b273cfe4163cbb6d12f3ec15898e,https://i.scdn.co/image/ab67616d00001e02cfe4163cbb6d12f3ec15898e,https://i.scdn.co/image/ab67616d00004851cfe4163cbb6d12f3ec15898e,640,300,64,640,300,64,H2O,1982-10-04,day,11,album,spotify:album:7ygXmT175bKbOpiPjNwXOB,https://open.spotify.com/artist/77tT1kLj6mCWtFNqiOmP9H,,,https://api.spotify.com/v1/artists/77tT1kLj6mCWtFNqiOmP9H,,,77tT1kLj6mCWtFNqiOmP9H,,,Daryl Hall & John Oates,,,artist,,,spotify:artist:77tT1kLj6mCWtFNqiOmP9H,,,AR,AU,AT,BE,BO,BR,BG,CA,CL,CO,CR,CY,CZ,DK,DO,DE,EC,EE,SV,FI,FR,GR,GT,HN,HK,HU,IS,IE,IT,LV,LT,LU,MY,MT,MX,NL,NZ,NI,NO,PA,PY,PE,PH,PL,PT,SG,SK,ES,SE,CH,TW,TR,UY,US,GB,AD,LI,MC,ID,JP,TH,VN,RO,IL,ZA,SA,AE,BH,QA,OM,KW,EG,MA,DZ,TN,LB,JO,PS,IN,BY,KZ,MD,UA,AL,BA,HR,ME,MK,RS,SI,KR,BD,PK,LK,GH,KE,NG,TZ,UG,AG,AM,BS,BB,BZ,BT,BW,BF,CV,CW,DM,FJ,GM,GE,GD,GW,GY,HT,JM,KI,LS,LR,MW,MV,ML,MH,FM,NA,NR,NE,PW,PG,PR,WS,SM,ST,SN,SC,SL,SB,KN,LC,VC,SR,TL,TO,TT,TV,VU,AZ,BN,BI,KH,CM,TD,KM,GQ,SZ,GA,GN,KG,LA,MO,MR,MN,NP,RW,TG,UZ,ZW,BJ,MG,MU,MZ,AO,CI,DJ,ZM,CD,CG,IQ,LY,TJ,VE,ET,XK,1,273173,false,USRC10301821,https://open.spotify.com/track/7j74lucZ59vqN67Ipe2ZcY,https://api.spotify.com/v1/tracks/7j74lucZ59vqN67Ipe2ZcY,7j74lucZ59vqN67Ipe2ZcY,false,Maneater,83,,1,track,spotify:track:7j74lucZ59vqN67Ipe2ZcY,4,50,8,4,72,0,78,83,https://i.scdn.co/image/ab67616d0000b273cfe4163cbb6d12f3ec15898e,https://p.scdn.co/mp3-preview/d689e007e59681c1520d7492aa605e3e5073661d
682f84ca8ef07feef39da681,album,https://open.spotify.com/artist/5lpH0xAS4fVfLkACg9DAuM,,,https://api.spotify.com/v1/artists/5lpH0xAS4fVfLkACg9DAuM,,,5lpH0xAS4fVfLkACg9DAuM,,,Wham!,,,artist,,,spotify:artist:5lpH0xAS4fVfLkACg9DAuM,,,AR,AU,AT,BE,BO,BR,BG,CA,CL,CO,CR,CY,CZ,DK,DO,DE,EC,EE,SV,FI,FR,GR,GT,HN,HK,HU,IS,IE,IT,LV,LT,LU,MY,MT,MX,NL,NZ,NI,NO,PA,PY,PE,PH,PL,PT,SG,SK,ES,SE,CH,TW,TR,UY,US,GB,AD,LI,MC,ID,JP,TH,VN,RO,IL,ZA,SA,AE,BH,QA,OM,KW,EG,MA,DZ,TN,LB,JO,PS,IN,BY,KZ,MD,UA,AL,BA,HR,ME,MK,RS,SI,KR,BD,PK,LK,GH,KE,NG,TZ,UG,AG,AM,BS,BB,BZ,BT,BW,BF,CV,CW,DM,FJ,GM,GE,GD,GW,GY,HT,JM,KI,LS,LR,MW,MV,ML,MH,FM,NA,NR,NE,PW,PG,PR,WS,SM,ST,SN,SC,SL,SB,KN,LC,VC,SR,TL,TO,TT,TV,VU,AZ,BN,BI,KH,CM,TD,KM,GQ,SZ,GA,GN,KG,LA,MO,MR,MN,NP,RW,TG,UZ,ZW,BJ,MG,MU,MZ,AO,CI,DJ,ZM,CD,CG,IQ,LY,TJ,VE,ET,XK,https://open.spotify.com/album/02f3y3NTsddjdUMoNiBppI,https://api.spotify.com/v1/albums/02f3y3NTsddjdUMoNiBppI,02f3y3NTsddjdUMoNiBppI,https://i.scdn.co/image/ab67616d0000b273a2fc41b0dd6ce4f0d16a4c46,https://i.scdn.co/image/ab67616d00001e02a2fc41b0dd6ce4f0d16a4c46,https://i.scdn.co/image/ab67616d00004851a2fc41b0dd6ce4f0d16a4c46,640,300,64,640,300,64,Make It Big,1984-10-23,day,8,album,spotify:album:02f3y3NTsddjdUMoNiBppI,https://open.spotify.com/artist/5lpH0xAS4fVfLkACg9DAuM,,,https://api.spotify.com/v1/artists/5lpH0xAS4fVfLkACg9DAuM,,,5lpH0xAS4fVfLkACg9DAuM,,,Wham!,,,artist,,,spotify:artist:5lpH0xAS4fVfLkACg9DAuM,,,AR,AU,AT,BE,BO,BR,BG,CA,CL,CO,CR,CY,CZ,DK,DO,DE,EC,EE,SV,FI,FR,GR,GT,HN,HK,HU,IS,IE,IT,LV,LT,LU,MY,MT,MX,NL,NZ,NI,NO,PA,PY,PE,PH,PL,PT,SG,SK,ES,SE,CH,TW,TR,UY,US,GB,AD,LI,MC,ID,JP,TH,VN,RO,IL,ZA,SA,AE,BH,QA,OM,KW,EG,MA,DZ,TN,LB,JO,PS,IN,BY,KZ,MD,UA,AL,BA,HR,ME,MK,RS,SI,KR,BD,PK,LK,GH,KE,NG,TZ,UG,AG,AM,BS,BB,BZ,BT,BW,BF,CV,CW,DM,FJ,GM,GE,GD,GW,GY,HT,JM,KI,LS,LR,MW,MV,ML,MH,FM,NA,NR,NE,PW,PG,PR,WS,SM,ST,SN,SC,SL,SB,KN,LC,VC,SR,TL,TO,TT,TV,VU,AZ,BN,BI,KH,CM,TD,KM,GQ,SZ,GA,GN,KG,LA,MO,MR,MN,NP,RW,TG,UZ,ZW,BJ,MG,MU,MZ,AO,CI,DJ,ZM,CD,CG,IQ,LY,TJ,VE,ET,XK,1,231333,false,GBBBN0009712,https://open.spotify.com/track/0ikz6tENMONtK6qGkOrU3c,https://api.spotify.com/v1/tracks/0ikz6tENMONtK6qGkOrU3c,0ikz6tENMONtK6qGkOrU3c,false,Wake Me Up Before You Go-Go,82,,1,track,spotify:track:0ikz6tENMONtK6qGkOrU3c,27,57,6,4,62,0,80,90,https://i.scdn.co/image/ab67616d0000b273a2fc41b0dd6ce4f0d16a4c46,https://p.scdn.co/mp3-preview/48ce25ff385552880371a3c460f0b90ecbcfceea
682f84d78ef07feef39da682,album,https://open.spotify.com/artist/6Uhp7WA6sjm5ZL6Xz561de,,,https://api.spotify.com/v1/artists/6Uhp7WA6sjm5ZL6Xz561de,,,6Uhp7WA6sjm5ZL6Xz561de,,,Living Colour,,,artist,,,spotify:artist:6Uhp7WA6sjm5ZL6Xz561de,,,AR,AU,AT,BE,BO,BR,BG,CA,CL,CO,CR,CY,CZ,DK,DO,DE,EC,EE,SV,FI,FR,GR,GT,HN,HK,HU,IS,IE,IT,LV,LT,LU,MY,MT,MX,NL,NZ,NI,NO,PA,PY,PE,PH,PL,PT,SG,SK,ES,SE,CH,TW,TR,UY,US,GB,AD,LI,MC,ID,JP,TH,VN,RO,IL,ZA,SA,AE,BH,QA,OM,KW,EG,MA,DZ,TN,LB,JO,PS,IN,BY,KZ,MD,UA,AL,BA,HR,ME,MK,RS,SI,KR,BD,PK,LK,GH,KE,NG,TZ,UG,AG,AM,BS,BB,BZ,BT,BW,BF,CV,CW,DM,FJ,GM,GE,GD,GW,GY,HT,JM,KI,LS,LR,MW,MV,ML,MH,FM,NA,NR,NE,PW,PG,PR,WS,SM,ST,SN,SC,SL,SB,KN,LC,VC,SR,TL,TO,TT,TV,VU,AZ,BN,BI,KH,CM,TD,KM,GQ,SZ,GA,GN,KG,LA,MO,MR,MN,NP,RW,TG,UZ,ZW,BJ,MG,MU,MZ,AO,CI,DJ,ZM,CD,CG,IQ,LY,TJ,VE,ET,XK,https://open.spotify.com/album/0Itv01cUzRusmyNcEgEmOA,https://api.spotify.com/v1/albums/0Itv01cUzRusmyNcEgEmOA,0Itv01cUzRusmyNcEgEmOA,https://i.scdn.co/image/ab67616d0000b27386936806798500ce95783a39,https://i.scdn.co/image/ab67616d00001e0286936806798500ce95783a39,https://i.scdn.co/image/ab67616d0000485186936806798500ce95783a39,640,300,64,640,300,64,Vivid (2023 Remaster),1988-05-02,day,11,album,spotify:album:0Itv01cUzRusmyNcEgEmOA,https://open.spotify.com/artist/6Uhp7WA6sjm5ZL6Xz561de,,,https://api.spotify.com/v1/artists/6Uhp7WA6sjm5ZL6Xz561de,,,6Uhp7WA6sjm5ZL6Xz561de,,,Living Colour,,,artist,,,spotify:artist:6Uhp7WA6sjm5ZL6Xz561de,,,AR,AU,AT,BE,BO,BR,BG,CA,CL,CO,CR,CY,CZ,DK,DO,DE,EC,EE,SV,FI,FR,GR,GT,HN,HK,HU,IS,IE,IT,LV,LT,LU,MY,MT,MX,NL,NZ,NI,NO,PA,PY,PE,PH,PL,PT,SG,SK,ES,SE,CH,TW,TR,UY,US,GB,AD,LI,MC,ID,JP,TH,VN,RO,IL,ZA,SA,AE,BH,QA,OM,KW,EG,MA,DZ,TN,LB,JO,PS,IN,BY,KZ,MD,UA,AL,BA,HR,ME,MK,RS,SI,KR,BD,PK,LK,GH,KE,NG,TZ,UG,AG,AM,BS,BB,BZ,BT,BW,BF,CV,CW,DM,FJ,GM,GE,GD,GW,GY,HT,JM,KI,LS,LR,MW,MV,ML,MH,FM,NA,NR,NE,PW,PG,PR,WS,SM,ST,SN,SC,SL,SB,KN,LC,VC,SR,TL,TO,TT,TV,VU,AZ,BN,BI,KH,CM,TD,KM,GQ,SZ,GA,GN,KG,LA,MO,MR,MN,NP,RW,TG,UZ,ZW,BJ,MG,MU,MZ,AO,CI,DJ,ZM,CD,CG,IQ,LY,TJ,VE,ET,XK,1,294532,false,USSM18800018,https://open.spotify.com/track/4WG7Z3bNM3iE4vCYcXsxNx,https://api.spotify.com/v1/tracks/4WG7Z3bNM3iE4vCYcXsxNx,4WG7Z3bNM3iE4vCYcXsxNx,false,Cult of Personality (2023 Remaster),71,,1,track,spotify:track:4WG7Z3bNM3iE4vCYcXsxNx,0,68,60,4,54,0,79,59,https://i.scdn.co/image/ab67616d0000b27386936806798500ce95783a39,https://p.scdn.co/mp3-preview/682df0fd20531188e791506cba35cd3cc2d1bbcd
682f84e68ef07feef39da683,album,https://open.spotify.com/artist/4bthk9UfsYUYdcFyqxmSUU,,,https://api.spotify.com/v1/artists/4bthk9UfsYUYdcFyqxmSUU,,,4bthk9UfsYUYdcFyqxmSUU,,,Tears For Fears,,,artist,,,spotify:artist:4bthk9UfsYUYdcFyqxmSUU,,,AR,AU,AT,BE,BO,BR,BG,CA,CL,CO,CR,CY,CZ,DK,DO,DE,EC,EE,SV,FI,FR,GR,GT,HN,HK,HU,IS,IE,IT,LV,LT,LU,MY,MT,MX,NL,NZ,NI,NO,PA,PY,PE,PH,PL,PT,SG,SK,ES,SE,CH,TW,TR,UY,US,GB,AD,LI,MC,ID,JP,TH,VN,RO,IL,ZA,SA,AE,BH,QA,OM,KW,EG,MA,DZ,TN,LB,JO,PS,IN,BY,KZ,MD,UA,AL,BA,HR,ME,MK,RS,SI,KR,BD,PK,LK,GH,KE,NG,TZ,UG,AG,AM,BS,BB,BZ,BT,BW,BF,CV,CW,DM,FJ,GM,GE,GD,GW,GY,HT,JM,KI,LS,LR,MW,MV,ML,MH,FM,NA,NR,NE,PW,PG,WS,SM,ST,SN,SC,SL,SB,KN,LC,VC,SR,TL,TO,TT,TV,VU,AZ,BN,BI,KH,CM,TD,KM,GQ,SZ,GA,GN,KG,LA,MO,MR,MN,NP,RW,TG,UZ,ZW,BJ,MG,MU,MZ,AO,CI,DJ,ZM,CD,CG,IQ,LY,TJ,VE,ET,XK,,https://open.spotify.com/album/3myPwaMYjdwhtq0nFgeG6W,https://api.spotify.com/v1/albums/3myPwaMYjdwhtq0nFgeG6W,3myPwaMYjdwhtq0nFgeG6W,https://i.scdn.co/image/ab67616d0000b27322463d6939fec9e17b2a6235,https://i.scdn.co/image/ab67616d00001e0222463d6939fec9e17b2a6235,https://i.scdn.co/image/ab67616d0000485122463d6939fec9e17b2a6235,640,300,64,640,300,64,Songs From The Big Chair (Super Deluxe Edition),1985-02-25,day,59,album,spotify:album:3myPwaMYjdwhtq0nFgeG6W,https://open.spotify.com/artist/4bthk9UfsYUYdcFyqxmSUU,,,https://api.spotify.com/v1/artists/4bthk9UfsYUYdcFyqxmSUU,,,4bthk9UfsYUYdcFyqxmSUU,,,Tears For Fears,,,artist,,,spotify:artist:4bthk9UfsYUYdcFyqxmSUU,,,AR,AU,AT,BE,BO,BR,BG,CA,CL,CO,CR,CY,CZ,DK,DO,DE,EC,EE,SV,FI,FR,GR,GT,HN,HK,HU,IS,IE,IT,LV,LT,LU,MY,MT,MX,NL,NZ,NI,NO,PA,PY,PE,PH,PL,PT,SG,SK,ES,SE,CH,TW,TR,UY,US,GB,AD,LI,MC,ID,JP,TH,VN,RO,IL,ZA,SA,AE,BH,QA,OM,KW,EG,MA,DZ,TN,LB,JO,PS,IN,BY,KZ,MD,UA,AL,BA,HR,ME,MK,RS,SI,KR,BD,PK,LK,GH,KE,NG,TZ,UG,AG,AM,BS,BB,BZ,BT,BW,BF,CV,CW,DM,FJ,GM,GE,GD,GW,GY,HT,JM,KI,LS,LR,MW,MV,ML,MH,FM,NA,NR,NE,PW,PG,WS,SM,ST,SN,SC,SL,SB,KN,LC,VC,SR,TL,TO,TT,TV,VU,AZ,BN,BI,KH,CM,TD,KM,GQ,SZ,GA,GN,KG,LA,MO,MR,MN,NP,RW,TG,UZ,ZW,BJ,MG,MU,MZ,AO,CI,DJ,ZM,CD,CG,IQ,LY,TJ,VE,ET,XK,,1,251488,false,GBF088590110,https://open.spotify.com/track/4RvWPyQ5RL0ao9LPZeSouE,https://api.spotify.com/v1/tracks/4RvWPyQ5RL0ao9LPZeSouE,4RvWPyQ5RL0ao9LPZeSouE,false,Everybody Wants To Rule The World,89,,3,track,spotify:track:4RvWPyQ5RL0ao9LPZeSouE,35,80,10,5,64,0,80,54,https://i.scdn.co/image/ab67616d0000b27322463d6939fec9e17b2a6235,https://p.scdn.co/mp3-preview/49a5e33d422484fde5484d3e665821e9a3a8b540
682f84f58ef07feef39da684,album,https://open.spotify.com/artist/3qm84nBOXUEQ2vnTfUTTFC,,,https://api.spotify.com/v1/artists/3qm84nBOXUEQ2vnTfUTTFC,,,3qm84nBOXUEQ2vnTfUTTFC,,,Guns N' Roses,,,artist,,,spotify:artist:3qm84nBOXUEQ2vnTfUTTFC,,,AR,AU,AT,BE,BO,BR,BG,CA,CL,CO,CR,CY,CZ,DK,DO,DE,EC,EE,SV,FI,FR,GR,GT,HN,HK,HU,IS,IE,IT,LV,LT,LU,MY,MT,MX,NL,NZ,NI,NO,PA,PY,PE,PH,PL,PT,SG,SK,ES,SE,CH,TW,TR,UY,US,GB,AD,LI,MC,ID,JP,TH,VN,RO,IL,ZA,SA,AE,BH,QA,OM,KW,EG,MA,DZ,TN,LB,JO,PS,IN,KZ,MD,UA,AL,BA,HR,ME,MK,RS,SI,KR,BD,PK,LK,GH,KE,NG,TZ,UG,AG,AM,BS,BB,BZ,BT,BW,BF,CV,CW,DM,FJ,GM,GE,GD,GW,GY,HT,JM,KI,LS,LR,MW,MV,ML,MH,FM,NA,NR,NE,PW,PG,WS,SM,ST,SN,SC,SL,SB,KN,LC,VC,SR,TL,TO,TT,TV,VU,AZ,BN,BI,KH,CM,TD,KM,GQ,SZ,GA,GN,KG,LA,MO,MR,MN,NP,RW,TG,UZ,ZW,BJ,MG,MU,MZ,AO,CI,DJ,ZM,CD,CG,IQ,LY,TJ,VE,ET,XK,,,https://open.spotify.com/album/28yHV3Gdg30AiB8h8em1eW,https://api.spotify.com/v1/albums/28yHV3Gdg30AiB8h8em1eW,28yHV3Gdg30AiB8h8em1eW,https://i.scdn.co/image/ab67616d0000b27321ebf49b3292c3f0f575f0f5,https://i.scdn.co/image/ab67616d00001e0221ebf49b3292c3f0f575f0f5,https://i.scdn.co/image/ab67616d0000485121ebf49b3292c3f0f575f0f5,640,300,64,640,300,64,Appetite For Destruction,1987-07-21,day,12,album,spotify:album:28yHV3Gdg30AiB8h8em1eW,https://open.spotify.com/artist/3qm84nBOXUEQ2vnTfUTTFC,,,https://api.spotify.com/v1/artists/3qm84nBOXUEQ2vnTfUTTFC,,,3qm84nBOXUEQ2vnTfUTTFC,,,Guns N' Roses,,,artist,,,spotify:artist:3qm84nBOXUEQ2vnTfUTTFC,,,AR,AU,AT,BE,BO,BR,BG,CA,CL,CO,CR,CY,CZ,DK,DO,DE,EC,EE,SV,FI,FR,GR,GT,HN,HK,HU,IS,IE,IT,LV,LT,LU,MY,MT,MX,NL,NZ,NI,NO,PA,PY,PE,PH,PL,PT,SG,SK,ES,SE,CH,TW,TR,UY,US,GB,AD,LI,MC,ID,JP,TH,VN,RO,IL,ZA,SA,AE,BH,QA,OM,KW,EG,MA,DZ,TN,LB,JO,PS,IN,KZ,MD,UA,AL,BA,HR,ME,MK,RS,SI,KR,BD,PK,LK,GH,KE,NG,TZ,UG,AG,AM,BS,BB,BZ,BT,BW,BF,CV,CW,DM,FJ,GM,GE,GD,GW,GY,HT,JM,KI,LS,LR,MW,MV,ML,MH,FM,NA,NR,NE,PW,PG,WS,SM,ST,SN,SC,SL,SB,KN,LC,VC,SR,TL,TO,TT,TV,VU,AZ,BN,BI,KH,CM,TD,KM,GQ,SZ,GA,GN,KG,LA,MO,MR,MN,NP,RW,TG,UZ,ZW,BJ,MG,MU,MZ,AO,CI,DJ,ZM,CD,CG,IQ,LY,TJ,VE,ET,XK,,,1,356066,false,USGF18714809,https://open.spotify.com/track/7snQQk1zcKl8gZ92AnueZW,https://api.spotify.com/v1/tracks/7snQQk1zcKl8gZ92AnueZW,7snQQk1zcKl8gZ92AnueZW,false,Sweet Child O' Mine,88,,9,track,spotify:track:7snQQk1zcKl8gZ92AnueZW,9,95,11,5,44,8,91,62,https://i.scdn.co/image/ab67616d0000b27321ebf49b3292c3f0f575f0f5,https://p.scdn.co/mp3-preview/a941cdd2c0c74206aaa6d7e459e4fdf1d738deaa
682f85018ef07feef39da685,album,https://open.spotify.com/artist/0NKDgy9j66h3DLnN8qu1bB,https://open.spotify.com/artist/5MspMQqdVbdwP6ax3GXqum,https://open.spotify.com/artist/7gcCQIlkkfbul5Mt0jBQkg,https://api.spotify.com/v1/artists/0NKDgy9j66h3DLnN8qu1bB,https://api.spotify.com/v1/artists/5MspMQqdVbdwP6ax3GXqum,https://api.spotify.com/v1/artists/7gcCQIlkkfbul5Mt0jBQkg,0NKDgy9j66h3DLnN8qu1bB,5MspMQqdVbdwP6ax3GXqum,7gcCQIlkkfbul5Mt0jBQkg,Eurythmics,Annie Lennox,Dave Stewart,artist,artist,artist,spotify:artist:0NKDgy9j66h3DLnN8qu1bB,spotify:artist:5MspMQqdVbdwP6ax3GXqum,spotify:artist:7gcCQIlkkfbul5Mt0jBQkg,AR,AU,AT,BE,BO,BR,BG,CA,CL,CO,CR,CY,CZ,DK,DO,DE,EC,EE,SV,FI,FR,GR,GT,HN,HK,HU,IS,IE,IT,LV,LT,LU,MY,MT,MX,NL,NZ,NI,NO,PA,PY,PE,PH,PL,PT,SG,SK,ES,SE,CH,TW,TR,UY,US,GB,AD,LI,MC,ID,JP,TH,VN,RO,IL,ZA,SA,AE,BH,QA,OM,KW,EG,MA,DZ,TN,LB,JO,PS,IN,BY,KZ,MD,UA,AL,BA,HR,ME,MK,RS,SI,KR,BD,PK,LK,GH,KE,NG,TZ,UG,AG,AM,BS,BB,BZ,BT,BW,BF,CV,CW,DM,FJ,GM,GE,GD,GW,GY,HT,JM,KI,LS,LR,MW,MV,ML,MH,FM,NA,NR,NE,PW,PG,PR,WS,SM,ST,SN,SC,SL,SB,KN,LC,VC,SR,TL,TO,TT,TV,VU,AZ,BN,BI,KH,CM,TD,KM,GQ,SZ,GA,GN,KG,LA,MO,MR,MN,NP,RW,TG,UZ,ZW,BJ,MG,MU,MZ,AO,CI,DJ,ZM,CD,CG,IQ,LY,TJ,VE,ET,XK,https://open.spotify.com/album/5jNDWA19BJbE24x1UUJGRY,https://api.spotify.com/v1/albums/5jNDWA19BJbE24x1UUJGRY,5jNDWA19BJbE24x1UUJGRY,https://i.scdn.co/image/ab67616d0000b273b3994c94dfb241923664bb4d,https://i.scdn.co/image/ab67616d00001e02b3994c94dfb241923664bb4d,https://i.scdn.co/image/ab67616d00004851b3994c94dfb241923664bb4d,640,300,64,640,300,64,Sweet Dreams (Are Made Of This),1983-01-04,day,16,album,spotify:album:5jNDWA19BJbE24x1UUJGRY,https://open.spotify.com/artist/0NKDgy9j66h3DLnN8qu1bB,https://open.spotify.com/artist/5MspMQqdVbdwP6ax3GXqum,https://open.spotify.com/artist/7gcCQIlkkfbul5Mt0jBQkg,https://api.spotify.com/v1/artists/0NKDgy9j66h3DLnN8qu1bB,https://api.spotify.com/v1/artists/5MspMQqdVbdwP6ax3GXqum,https://api.spotify.com/v1/artists/7gcCQIlkkfbul5Mt0jBQkg,0NKDgy9j66h3DLnN8qu1bB,5MspMQqdVbdwP6ax3GXqum,7gcCQIlkkfbul5Mt0jBQkg,Eurythmics,Annie Lennox,Dave Stewart,artist,artist,artist,spotify:artist:0NKDgy9j66h3DLnN8qu1bB,spotify:artist:5MspMQqdVbdwP6ax3GXqum,spotify:artist:7gcCQIlkkfbul5Mt0jBQkg,AR,AU,AT,BE,BO,BR,BG,CA,CL,CO,CR,CY,CZ,DK,DO,DE,EC,EE,SV,FI,FR,GR,GT,HN,HK,HU,IS,IE,IT,LV,LT,LU,MY,MT,MX,NL,NZ,NI,NO,PA,PY,PE,PH,PL,PT,SG,SK,ES,SE,CH,TW,TR,UY,US,GB,AD,LI,MC,ID,JP,TH,VN,RO,IL,ZA,SA,AE,BH,QA,OM,KW,EG,MA,DZ,TN,LB,JO,PS,IN,BY,KZ,MD,UA,AL,BA,HR,ME,MK,RS,SI,KR,BD,PK,LK,GH,KE,NG,TZ,UG,AG,AM,BS,BB,BZ,BT,BW,BF,CV,CW,DM,FJ,GM,GE,GD,GW,GY,HT,JM,KI,LS,LR,MW,MV,ML,MH,FM,NA,NR,NE,PW,PG,PR,WS,SM,ST,SN,SC,SL,SB,KN,LC,VC,SR,TL,TO,TT,TV,VU,AZ,BN,BI,KH,CM,TD,KM,GQ,SZ,GA,GN,KG,LA,MO,MR,MN,NP,RW,TG,UZ,ZW,BJ,MG,MU,MZ,AO,CI,DJ,ZM,CD,CG,IQ,LY,TJ,VE,ET,XK,1,216933,false,GBARL0300589,https://open.spotify.com/track/1TfqLAPs4K3s2rJMoCokcS,https://api.spotify.com/v1/tracks/1TfqLAPs4K3s2rJMoCokcS,1TfqLAPs4K3s2rJMoCokcS,false,Sweet Dreams (Are Made of This) - 2005 Remaster,85,,6,track,spotify:track:1TfqLAPs4K3s2rJMoCokcS,22,71,12,3,69,0,88,88,https://i.scdn.co/image/ab67616d0000b273b3994c94dfb241923664bb4d,https://p.scdn.co/mp3-preview/d69101dbd66295473706112d3edf978b70fc4550
682f850c8ef07feef39da686,album,https://open.spotify.com/artist/711MCceyCBcFnzjGY4Q7Un,,,https://api.spotify.com/v1/artists/711MCceyCBcFnzjGY4Q7Un,,,711MCceyCBcFnzjGY4Q7Un,,,AC/DC,,,artist,,,spotify:artist:711MCceyCBcFnzjGY4Q7Un,,,AR,AU,AT,BE,BO,BR,BG,CA,CL,CO,CR,CY,CZ,DK,DO,DE,EC,EE,SV,FI,FR,GR,GT,HN,HK,HU,IS,IE,IT,LV,LT,LU,MY,MT,MX,NL,NZ,NI,NO,PA,PY,PE,PH,PL,PT,SG,SK,ES,SE,CH,TW,TR,UY,US,GB,AD,LI,MC,ID,JP,TH,VN,RO,IL,ZA,SA,AE,BH,QA,OM,KW,EG,MA,DZ,TN,LB,JO,PS,IN,BY,KZ,MD,UA,AL,BA,HR,ME,MK,RS,SI,KR,BD,PK,LK,GH,KE,NG,TZ,UG,AG,AM,BS,BB,BZ,BT,BW,BF,CV,CW,DM,FJ,GM,GE,GD,GW,GY,HT,JM,KI,LS,LR,MW,MV,ML,MH,FM,NA,NR,NE,PW,PG,PR,WS,SM,ST,SN,SC,SL,SB,KN,LC,VC,SR,TL,TO,TT,TV,VU,AZ,BN,BI,KH,CM,TD,KM,GQ,SZ,GA,GN,KG,LA,MO,MR,MN,NP,RW,TG,UZ,ZW,BJ,MG,MU,MZ,AO,CI,DJ,ZM,CD,CG,IQ,LY,TJ,VE,ET,XK,https://open.spotify.com/album/6mUdeDZCsExyJLMdAfDuwh,https://api.spotify.com/v1/albums/6mUdeDZCsExyJLMdAfDuwh,6mUdeDZCsExyJLMdAfDuwh,https://i.scdn.co/image/ab67616d0000b2730b51f8d91f3a21e8426361ae,https://i.scdn.co/image/ab67616d00001e020b51f8d91f3a21e8426361ae,https://i.scdn.co/image/ab67616d000048510b51f8d91f3a21e8426361ae,640,300,64,640,300,64,Back In Black,1980-07-25,day,10,album,spotify:album:6mUdeDZCsExyJLMdAfDuwh,https://open.spotify.com/artist/711MCceyCBcFnzjGY4Q7Un,,,https://api.spotify.com/v1/artists/711MCceyCBcFnzjGY4Q7Un,,,711MCceyCBcFnzjGY4Q7Un,,,AC/DC,,,artist,,,spotify:artist:711MCceyCBcFnzjGY4Q7Un,,,AR,AU,AT,BE,BO,BR,BG,CA,CL,CO,CR,CY,CZ,DK,DO,DE,EC,EE,SV,FI,FR,GR,GT,HN,HK,HU,IS,IE,IT,LV,LT,LU,MY,MT,MX,NL,NZ,NI,NO,PA,PY,PE,PH,PL,PT,SG,SK,ES,SE,CH,TW,TR,UY,US,GB,AD,LI,MC,ID,JP,TH,VN,RO,IL,ZA,SA,AE,BH,QA,OM,KW,EG,MA,DZ,TN,LB,JO,PS,IN,BY,KZ,MD,UA,AL,BA,HR,ME,MK,RS,SI,KR,BD,PK,LK,GH,KE,NG,TZ,UG,AG,AM,BS,BB,BZ,BT,BW,BF,CV,CW,DM,FJ,GM,GE,GD,GW,GY,HT,JM,KI,LS,LR,MW,MV,ML,MH,FM,NA,NR,NE,PW,PG,PR,WS,SM,ST,SN,SC,SL,SB,KN,LC,VC,SR,TL,TO,TT,TV,VU,AZ,BN,BI,KH,CM,TD,KM,GQ,SZ,GA,GN,KG,LA,MO,MR,MN,NP,RW,TG,UZ,ZW,BJ,MG,MU,MZ,AO,CI,DJ,ZM,CD,CG,IQ,LY,TJ,VE,ET,XK,1,210173,false,AUAP08000047,https://open.spotify.com/track/2SiXAy7TuUkycRVbbWDEpo,https://api.spotify.com/v1/tracks/2SiXAy7TuUkycRVbbWDEpo,2SiXAy7TuUkycRVbbWDEpo,false,You Shook Me All Night Long,84,,7,track,spotify:track:2SiXAy7TuUkycRVbbWDEpo,0,77,39,6,53,0,91,76,https://i.scdn.co/image/ab67616d0000b2730b51f8d91f3a21e8426361ae,https://p.scdn.co/mp3-preview/3b01294b6b0458fea6ed5a88ea1b1593eb495ead
682f851c8ef07feef39da687,album,https://open.spotify.com/artist/6zFYqv1mOsgBRQbae3JJ9e,,,https://api.spotify.com/v1/artists/6zFYqv1mOsgBRQbae3JJ9e,,,6zFYqv1mOsgBRQbae3JJ9e,,,Billy Joel,,,artist,,,spotify:artist:6zFYqv1mOsgBRQbae3JJ9e,,,AR,AU,AT,BE,BO,BR,BG,CA,CL,CO,CR,CY,CZ,DK,DO,DE,EC,EE,SV,FI,FR,GR,GT,HN,HK,HU,IS,IE,IT,LV,LT,LU,MY,MT,MX,NL,NZ,NI,NO,PA,PY,PE,PH,PL,PT,SG,SK,ES,SE,CH,TW,TR,UY,US,GB,AD,LI,MC,ID,JP,TH,VN,RO,IL,ZA,SA,AE,BH,QA,OM,KW,EG,MA,DZ,TN,LB,JO,PS,IN,BY,KZ,MD,UA,AL,BA,HR,ME,MK,RS,SI,KR,BD,PK,LK,GH,KE,NG,TZ,UG,AG,AM,BS,BB,BZ,BT,BW,BF,CV,CW,DM,FJ,GM,GE,GD,GW,GY,HT,JM,KI,LS,LR,MW,MV,ML,MH,FM,NA,NR,NE,PW,PG,PR,WS,SM,ST,SN,SC,SL,SB,KN,LC,VC,SR,TL,TO,TT,TV,VU,AZ,BN,BI,KH,CM,TD,KM,GQ,SZ,GA,GN,KG,LA,MO,MR,MN,NP,RW,TG,UZ,ZW,BJ,MG,MU,MZ,AO,CI,DJ,ZM,CD,CG,IQ,LY,TJ,VE,ET,XK,https://open.spotify.com/album/3R3x4zIabsvpD3yxqLaUpc,https://api.spotify.com/v1/albums/3R3x4zIabsvpD3yxqLaUpc,3R3x4zIabsvpD3yxqLaUpc,https://i.scdn.co/image/ab67616d0000b273814cbc4746358a25c84c62e7,https://i.scdn.co/image/ab67616d00001e02814cbc4746358a25c84c62e7,https://i.scdn.co/image/ab67616d00004851814cbc4746358a25c84c62e7,640,300,64,640,300,64,An Innocent Man,1983-08-08,day,10,album,spotify:album:3R3x4zIabsvpD3yxqLaUpc,https://open.spotify.com/artist/6zFYqv1mOsgBRQbae3JJ9e,,,https://api.spotify.com/v1/artists/6zFYqv1mOsgBRQbae3JJ9e,,,6zFYqv1mOsgBRQbae3JJ9e,,,Billy Joel,,,artist,,,spotify:artist:6zFYqv1mOsgBRQbae3JJ9e,,,AR,AU,AT,BE,BO,BR,BG,CA,CL,CO,CR,CY,CZ,DK,DO,DE,EC,EE,SV,FI,FR,GR,GT,HN,HK,HU,IS,IE,IT,LV,LT,LU,MY,MT,MX,NL,NZ,NI,NO,PA,PY,PE,PH,PL,PT,SG,SK,ES,SE,CH,TW,TR,UY,US,GB,AD,LI,MC,ID,JP,TH,VN,RO,IL,ZA,SA,AE,BH,QA,OM,KW,EG,MA,DZ,TN,LB,JO,PS,IN,BY,KZ,MD,UA,AL,BA,HR,ME,MK,RS,SI,KR,BD,PK,LK,GH,KE,NG,TZ,UG,AG,AM,BS,BB,BZ,BT,BW,BF,CV,CW,DM,FJ,GM,GE,GD,GW,GY,HT,JM,KI,LS,LR,MW,MV,ML,MH,FM,NA,NR,NE,PW,PG,PR,WS,SM,ST,SN,SC,SL,SB,KN,LC,VC,SR,TL,TO,TT,TV,VU,AZ,BN,BI,KH,CM,TD,KM,GQ,SZ,GA,GN,KG,LA,MO,MR,MN,NP,RW,TG,UZ,ZW,BJ,MG,MU,MZ,AO,CI,DJ,ZM,CD,CG,IQ,LY,TJ,VE,ET,XK,1,197706,false,USSM18300270,https://open.spotify.com/track/5zA8vzDGqPl2AzZkEYQGKh,https://api.spotify.com/v1/tracks/5zA8vzDGqPl2AzZkEYQGKh,5zA8vzDGqPl2AzZkEYQGKh,false,Uptown Girl,85,,6,track,spotify:track:5zA8vzDGqPl2AzZkEYQGKh,7,94,60,5,70,0,95,79,https://i.scdn.co/image/ab67616d0000b273814cbc4746358a25c84c62e7,https://p.scdn.co/mp3-preview/62bccc2f61bb990df31d1a247a3bf69efd32da18
